classifier,ulevel,dataset,distance,cmp,acc,train_duration,test_duration
GNB,0.1,ECG200,ued,simple_cmp,0.77,633.52,29.55
GNB,0.1,TwoLeadECG,ued,simple_cmp,0.9122036874451273,631.2,944.16
GNB,0.1,ECGFiveDays,ued,simple_cmp,0.9094076655052264,657.44,1501.34
GNB,0.1,ItalyPowerDemand,ued,simple_cmp,0.9290573372206026,633.05,357.47
GNB,0.1,SonyAIBORobotSurface2,ued,simple_cmp,0.8247639034627492,634.68,805.34
GNB,0.1,SonyAIBORobotSurface1,ued,simple_cmp,0.9434276206322796,626.83,505.1
GNB,0.1,Plane,ued,simple_cmp,0.9333333333333332,647.87,45.25
GNB,0.1,Trace,ued,simple_cmp,0.9,617.23,51.78
GNB,0.1,SmoothSubspace,ued,simple_cmp,0.78,627.48,25.95
GNB,0.1,BME,ued,simple_cmp,0.8266666666666667,642.41,235.53
GNB,0.1,CBF,ued,simple_cmp,0.9311111111111112,658.94,1167.35
GNB,0.1,UMD,ued,simple_cmp,0.9513888888888888,662.19,172.69
GNB,0.1,SyntheticControl,ued,simple_cmp,0.8333333333333334,620.26,24.9
GNB,0.1,ShapeletSim,ued,simple_cmp,0.9444444444444444,649.43,372.84
GNB,0.1,Chinatown,ued,simple_cmp,0.967930029154519,604.01,54.29
GNB,0.1,ECG200,ued,cdf_cmp,0.77,622.42,24.61
GNB,0.1,TwoLeadECG,ued,cdf_cmp,0.7471466198419666,654.24,1793.0
GNB,0.1,ECGFiveDays,ued,cdf_cmp,0.9070847851335656,655.7,1532.09
GNB,0.1,ItalyPowerDemand,ued,cdf_cmp,0.9358600583090378,610.26,152.74
GNB,0.1,SonyAIBORobotSurface2,ued,cdf_cmp,0.8132214060860441,650.6,1265.97
GNB,0.1,SonyAIBORobotSurface1,ued,cdf_cmp,0.9500831946755408,628.37,653.37
GNB,0.1,Plane,ued,cdf_cmp,0.9809523809523808,648.41,52.0
GNB,0.1,Trace,ued,cdf_cmp,0.99,647.64,49.93
GNB,0.1,SmoothSubspace,ued,cdf_cmp,0.7666666666666667,599.89,7.19
GNB,0.1,BME,ued,cdf_cmp,0.7466666666666667,648.02,241.12
GNB,0.1,CBF,ued,cdf_cmp,0.9222222222222224,652.61,1067.87
GNB,0.1,UMD,ued,cdf_cmp,0.9027777777777778,633.5,122.45
GNB,0.1,SyntheticControl,ued,cdf_cmp,0.57,617.46,24.24
GNB,0.1,ShapeletSim,ued,cdf_cmp,0.9388888888888888,649.06,401.14
GNB,0.1,Chinatown,ued,cdf_cmp,0.979591836734694,607.54,91.18
GNB,0.1,ECG200,ued,interval_cmp,0.77,640.38,28.09
GNB,0.1,TwoLeadECG,ued,interval_cmp,0.9122036874451273,631.38,1000.42
GNB,0.1,ECGFiveDays,ued,interval_cmp,0.9210220673635308,660.35,1408.39
GNB,0.1,ItalyPowerDemand,ued,interval_cmp,0.9280855199222546,628.9,382.17
GNB,0.1,SonyAIBORobotSurface2,ued,interval_cmp,0.8258132214060859,638.03,811.16
GNB,0.1,SonyAIBORobotSurface1,ued,interval_cmp,0.9434276206322796,630.33,525.13
GNB,0.1,Plane,ued,interval_cmp,0.9333333333333332,641.62,46.43
GNB,0.1,Trace,ued,interval_cmp,0.9,631.06,36.64
GNB,0.1,SmoothSubspace,ued,interval_cmp,0.78,628.49,32.74
GNB,0.1,BME,ued,interval_cmp,0.84,655.53,268.29
GNB,0.1,CBF,ued,interval_cmp,0.9188888888888888,660.62,1103.26
GNB,0.1,UMD,ued,interval_cmp,0.9513888888888888,637.92,169.86
GNB,0.1,SyntheticControl,ued,interval_cmp,0.8266666666666667,622.49,28.3
GNB,0.1,ShapeletSim,ued,interval_cmp,0.9444444444444444,663.76,422.0
GNB,0.1,Chinatown,ued,interval_cmp,0.967930029154519,604.71,49.6
GNB,0.1,ECG200,dust_uniform,simple_cmp,0.82,632.72,28.43
GNB,0.1,TwoLeadECG,dust_uniform,simple_cmp,0.8542581211589113,632.95,945.5
GNB,0.1,ECGFiveDays,dust_uniform,simple_cmp,0.8095238095238095,663.04,1444.42
GNB,0.1,ItalyPowerDemand,dust_uniform,simple_cmp,0.9310009718172984,633.01,427.33
GNB,0.1,SonyAIBORobotSurface2,dust_uniform,simple_cmp,0.7691500524658972,637.63,934.05
GNB,0.1,SonyAIBORobotSurface1,dust_uniform,simple_cmp,0.7154742096505824,623.39,437.76
GNB,0.1,Plane,dust_uniform,simple_cmp,0.9428571428571428,637.64,41.31
GNB,0.1,Trace,dust_uniform,simple_cmp,0.72,643.54,40.2
GNB,0.1,SmoothSubspace,dust_uniform,simple_cmp,0.7933333333333333,620.67,23.83
GNB,0.1,BME,dust_uniform,simple_cmp,0.7266666666666667,646.57,187.38
GNB,0.1,CBF,dust_uniform,simple_cmp,0.9311111111111112,668.0,931.75
GNB,0.1,UMD,dust_uniform,simple_cmp,0.6180555555555556,652.26,192.11
GNB,0.1,SyntheticControl,dust_uniform,simple_cmp,0.64,613.2,14.16
GNB,0.1,ShapeletSim,dust_uniform,simple_cmp,0.6333333333333333,667.34,616.3
GNB,0.1,Chinatown,dust_uniform,simple_cmp,0.8979591836734694,609.07,93.25
GNB,0.1,ECG200,dust_normal,simple_cmp,0.78,631.28,30.32
GNB,0.1,TwoLeadECG,dust_normal,simple_cmp,0.8788410886742757,636.4,1022.07
GNB,0.1,ECGFiveDays,dust_normal,simple_cmp,0.8234610917537747,652.22,1224.49
GNB,0.1,ItalyPowerDemand,dust_normal,simple_cmp,0.9348882410106899,630.75,386.55
GNB,0.1,SonyAIBORobotSurface2,dust_normal,simple_cmp,0.7481636935991606,643.78,827.24
GNB,0.1,SonyAIBORobotSurface1,dust_normal,simple_cmp,0.7004991680532446,618.14,443.49
GNB,0.1,Plane,dust_normal,simple_cmp,0.7238095238095238,617.45,22.52
GNB,0.1,Trace,dust_normal,simple_cmp,0.73,648.6,38.17
GNB,0.1,SmoothSubspace,dust_normal,simple_cmp,0.7666666666666667,626.39,25.45
GNB,0.1,BME,dust_normal,simple_cmp,0.8133333333333334,645.01,211.62
GNB,0.1,CBF,dust_normal,simple_cmp,0.92,656.59,828.79
GNB,0.1,UMD,dust_normal,simple_cmp,0.6319444444444444,643.15,155.95
GNB,0.1,SyntheticControl,dust_normal,simple_cmp,0.6466666666666666,617.64,16.13
GNB,0.1,ShapeletSim,dust_normal,simple_cmp,0.6388888888888888,665.45,438.87
GNB,0.1,Chinatown,dust_normal,simple_cmp,0.9183673469387756,608.14,91.35
GNB,0.1,ECG200,ed,simple_cmp,0.77,637.95,29.78
GNB,0.1,TwoLeadECG,ed,simple_cmp,0.9271290605794557,635.06,976.7
GNB,0.1,ECGFiveDays,ed,simple_cmp,0.91869918699187,644.7,1120.16
GNB,0.1,ItalyPowerDemand,ed,simple_cmp,0.9222546161321672,633.77,344.02
GNB,0.1,SonyAIBORobotSurface2,ed,simple_cmp,0.8300104931794333,626.68,588.0
GNB,0.1,SonyAIBORobotSurface1,ed,simple_cmp,0.9500831946755408,628.18,451.41
GNB,0.1,Plane,ed,simple_cmp,0.9714285714285714,638.47,39.91
GNB,0.1,Trace,ed,simple_cmp,0.9,632.19,36.79
GNB,0.1,SmoothSubspace,ed,simple_cmp,0.7933333333333333,625.04,25.69
GNB,0.1,BME,ed,simple_cmp,0.8533333333333334,649.51,254.19
GNB,0.1,CBF,ed,simple_cmp,0.9211111111111112,646.55,913.97
GNB,0.1,UMD,ed,simple_cmp,0.9722222222222222,643.7,177.91
GNB,0.1,SyntheticControl,ed,simple_cmp,0.9066666666666666,625.0,24.69
GNB,0.1,ShapeletSim,ed,simple_cmp,0.9444444444444444,645.71,358.58
GNB,0.1,Chinatown,ed,simple_cmp,0.967930029154519,603.74,43.11
GNB,0.1,ECG200,fots,simple_cmp,0.69,7523.41,556.72
GNB,0.1,TwoLeadECG,fots,simple_cmp,0.8955223880597015,7843.57,8659.55
GNB,0.1,ECGFiveDays,fots,simple_cmp,0.8641114982578397,7772.73,8067.65
GNB,0.1,ItalyPowerDemand,fots,simple_cmp,0.8425655976676385,7525.3,3705.62
GNB,0.1,SonyAIBORobotSurface2,fots,simple_cmp,0.8268625393494229,7738.7,8184.58
GNB,0.1,SonyAIBORobotSurface1,fots,simple_cmp,0.8202995008319468,7786.7,7105.97
GNB,0.1,Plane,fots,simple_cmp,0.6380952380952379,7755.4,1146.3
GNB,0.1,Trace,fots,simple_cmp,0.76,9233.03,1395.66
GNB,0.1,SmoothSubspace,fots,simple_cmp,0.56,7542.5,353.03
GNB,0.1,BME,fots,simple_cmp,0.38,7811.66,2502.4
GNB,0.1,CBF,fots,simple_cmp,0.6722222222222223,7800.54,7251.72
GNB,0.1,UMD,fots,simple_cmp,0.3541666666666667,7436.38,1539.23
GNB,0.1,SyntheticControl,fots,simple_cmp,0.3333333333333333,7945.1,726.43
GNB,0.1,ShapeletSim,fots,simple_cmp,0.5333333333333333,9770.5,7196.5
GNB,0.1,Chinatown,fots,simple_cmp,0.8279883381924198,7298.66,1652.56
GNB,0.4,ECG200,ued,simple_cmp,0.81,626.7,24.71
GNB,0.4,TwoLeadECG,ued,simple_cmp,0.7383669885864794,634.67,1229.11
GNB,0.4,ECGFiveDays,ued,simple_cmp,0.8838559814169571,657.88,1619.99
GNB,0.4,ItalyPowerDemand,ued,simple_cmp,0.9183673469387756,625.97,423.37
GNB,0.4,SonyAIBORobotSurface2,ued,simple_cmp,0.8090241343126967,627.0,591.79
GNB,0.4,SonyAIBORobotSurface1,ued,simple_cmp,0.8851913477537438,622.17,464.76
GNB,0.4,Plane,ued,simple_cmp,0.8476190476190476,628.06,30.29
GNB,0.4,Trace,ued,simple_cmp,0.7,608.31,43.05
GNB,0.4,SmoothSubspace,ued,simple_cmp,0.4933333333333334,622.18,17.85
GNB,0.4,BME,ued,simple_cmp,0.6,657.33,261.11
GNB,0.4,CBF,ued,simple_cmp,0.84,684.34,1268.53
GNB,0.4,UMD,ued,simple_cmp,0.8680555555555556,651.75,206.2
GNB,0.4,SyntheticControl,ued,simple_cmp,0.7933333333333333,622.13,26.27
GNB,0.4,ShapeletSim,ued,simple_cmp,0.8222222222222222,663.6,429.36
GNB,0.4,Chinatown,ued,simple_cmp,0.9708454810495628,605.68,50.13
GNB,0.4,ECG200,ued,cdf_cmp,0.8,607.57,24.38
GNB,0.4,TwoLeadECG,ued,cdf_cmp,0.7480245829675154,670.07,1966.69
GNB,0.4,ECGFiveDays,ued,cdf_cmp,0.7723577235772358,659.04,1570.68
GNB,0.4,ItalyPowerDemand,ued,cdf_cmp,0.9067055393586004,612.16,219.98
GNB,0.4,SonyAIBORobotSurface2,ued,cdf_cmp,0.776495278069255,647.31,933.89
GNB,0.4,SonyAIBORobotSurface1,ued,cdf_cmp,0.8968386023294509,632.29,729.18
GNB,0.4,Plane,ued,cdf_cmp,0.6571428571428571,605.63,19.85
GNB,0.4,Trace,ued,cdf_cmp,0.76,644.38,71.73
GNB,0.4,SmoothSubspace,ued,cdf_cmp,0.52,600.39,3.68
GNB,0.4,BME,ued,cdf_cmp,0.5533333333333333,654.52,314.99
GNB,0.4,CBF,ued,cdf_cmp,0.8611111111111112,656.45,1226.51
GNB,0.4,UMD,ued,cdf_cmp,0.8333333333333334,637.14,182.25
GNB,0.4,SyntheticControl,ued,cdf_cmp,0.32666666666666666,585.32,9.79
GNB,0.4,ShapeletSim,ued,cdf_cmp,0.7944444444444444,642.98,439.76
GNB,0.4,Chinatown,ued,cdf_cmp,0.9591836734693876,606.59,96.97
GNB,0.4,ECG200,ued,interval_cmp,0.78,629.06,25.83
GNB,0.4,TwoLeadECG,ued,interval_cmp,0.7445127304653204,648.71,1277.95
GNB,0.4,ECGFiveDays,ued,interval_cmp,0.8490127758420442,672.22,1713.28
GNB,0.4,ItalyPowerDemand,ued,interval_cmp,0.923226433430515,625.99,390.93
GNB,0.4,SonyAIBORobotSurface2,ued,interval_cmp,0.8058761804826863,640.25,679.21
GNB,0.4,SonyAIBORobotSurface1,ued,interval_cmp,0.8851913477537438,628.57,488.47
GNB,0.4,Plane,ued,interval_cmp,0.8666666666666667,639.01,38.49
GNB,0.4,Trace,ued,interval_cmp,0.7,623.74,34.79
GNB,0.4,SmoothSubspace,ued,interval_cmp,0.4933333333333334,619.14,20.0
GNB,0.4,BME,ued,interval_cmp,0.6,655.52,233.1
GNB,0.4,CBF,ued,interval_cmp,0.8777777777777778,659.72,1237.89
GNB,0.4,UMD,ued,interval_cmp,0.8888888888888888,647.71,172.85
GNB,0.4,SyntheticControl,ued,interval_cmp,0.82,621.5,28.33
GNB,0.4,ShapeletSim,ued,interval_cmp,0.8222222222222222,661.41,408.67
GNB,0.4,Chinatown,ued,interval_cmp,0.9708454810495628,604.8,49.11
GNB,0.4,ECG200,dust_uniform,simple_cmp,0.76,623.09,32.64
GNB,0.4,TwoLeadECG,dust_uniform,simple_cmp,0.7234416154521508,640.28,911.67
GNB,0.4,ECGFiveDays,dust_uniform,simple_cmp,0.7897793263646922,656.82,1552.83
GNB,0.4,ItalyPowerDemand,dust_uniform,simple_cmp,0.8979591836734694,630.06,466.05
GNB,0.4,SonyAIBORobotSurface2,dust_uniform,simple_cmp,0.7376705141657922,635.42,875.14
GNB,0.4,SonyAIBORobotSurface1,dust_uniform,simple_cmp,0.4775374376039934,626.48,457.37
GNB,0.4,Plane,dust_uniform,simple_cmp,0.8190476190476189,618.74,19.06
GNB,0.4,Trace,dust_uniform,simple_cmp,0.77,630.98,34.74
GNB,0.4,SmoothSubspace,dust_uniform,simple_cmp,0.62,626.59,29.69
GNB,0.4,BME,dust_uniform,simple_cmp,0.5533333333333333,645.96,203.64
GNB,0.4,CBF,dust_uniform,simple_cmp,0.9177777777777778,653.88,1005.53
GNB,0.4,UMD,dust_uniform,simple_cmp,0.5972222222222222,635.08,136.0
GNB,0.4,SyntheticControl,dust_uniform,simple_cmp,0.6133333333333333,618.67,23.46
GNB,0.4,ShapeletSim,dust_uniform,simple_cmp,0.5555555555555556,672.24,339.01
GNB,0.4,Chinatown,dust_uniform,simple_cmp,0.9212827988338192,608.82,117.65
GNB,0.4,ECG200,dust_normal,simple_cmp,0.72,620.73,22.45
GNB,0.4,TwoLeadECG,dust_normal,simple_cmp,0.6909569798068481,638.45,901.6
GNB,0.4,ECGFiveDays,dust_normal,simple_cmp,0.7549361207897793,653.56,1628.63
GNB,0.4,ItalyPowerDemand,dust_normal,simple_cmp,0.8940719144800777,629.65,408.29
GNB,0.4,SonyAIBORobotSurface2,dust_normal,simple_cmp,0.6915005246589717,637.38,886.9
GNB,0.4,SonyAIBORobotSurface1,dust_normal,simple_cmp,0.5108153078202995,630.22,454.64
GNB,0.4,Plane,dust_normal,simple_cmp,0.7809523809523811,620.06,23.9
GNB,0.4,Trace,dust_normal,simple_cmp,0.7,638.39,45.52
GNB,0.4,SmoothSubspace,dust_normal,simple_cmp,0.6533333333333333,617.71,25.89
GNB,0.4,BME,dust_normal,simple_cmp,0.5866666666666667,644.37,175.34
GNB,0.4,CBF,dust_normal,simple_cmp,0.9111111111111112,657.71,933.12
GNB,0.4,UMD,dust_normal,simple_cmp,0.6180555555555556,640.4,136.8
GNB,0.4,SyntheticControl,dust_normal,simple_cmp,0.59,618.17,14.32
GNB,0.4,ShapeletSim,dust_normal,simple_cmp,0.45,638.25,254.87
GNB,0.4,Chinatown,dust_normal,simple_cmp,0.8600583090379009,608.19,136.34
GNB,0.4,ECG200,ed,simple_cmp,0.81,622.64,21.1
GNB,0.4,TwoLeadECG,ed,simple_cmp,0.7445127304653204,637.41,1011.16
GNB,0.4,ECGFiveDays,ed,simple_cmp,0.9128919860627178,654.46,1428.98
GNB,0.4,ItalyPowerDemand,ed,simple_cmp,0.9193391642371236,626.6,370.03
GNB,0.4,SonyAIBORobotSurface2,ed,simple_cmp,0.8090241343126967,622.76,531.21
GNB,0.4,SonyAIBORobotSurface1,ed,simple_cmp,0.8851913477537438,616.87,353.4
GNB,0.4,Plane,ed,simple_cmp,0.9047619047619048,628.67,32.43
GNB,0.4,Trace,ed,simple_cmp,0.7,621.26,28.61
GNB,0.4,SmoothSubspace,ed,simple_cmp,0.4733333333333333,619.47,19.96
GNB,0.4,BME,ed,simple_cmp,0.6066666666666667,650.94,237.44
GNB,0.4,CBF,ed,simple_cmp,0.8666666666666667,651.08,1113.14
GNB,0.4,UMD,ed,simple_cmp,0.8958333333333334,641.12,150.72
GNB,0.4,SyntheticControl,ed,simple_cmp,0.91,629.44,25.25
GNB,0.4,ShapeletSim,ed,simple_cmp,0.8666666666666667,650.5,395.83
GNB,0.4,Chinatown,ed,simple_cmp,0.9737609329446064,603.54,42.63
GNB,0.4,ECG200,fots,simple_cmp,0.63,7716.78,755.59
GNB,0.4,TwoLeadECG,fots,simple_cmp,0.7848990342405618,7736.87,8422.25
GNB,0.4,ECGFiveDays,fots,simple_cmp,0.7932636469221835,7659.01,7225.45
GNB,0.4,ItalyPowerDemand,fots,simple_cmp,0.7278911564625851,7627.34,4171.92
GNB,0.4,SonyAIBORobotSurface2,fots,simple_cmp,0.6988457502623295,7856.04,8351.31
GNB,0.4,SonyAIBORobotSurface1,fots,simple_cmp,0.6638935108153078,7674.95,6634.38
GNB,0.4,Plane,fots,simple_cmp,0.3619047619047619,8214.85,1138.58
GNB,0.4,Trace,fots,simple_cmp,0.56,7105.56,1018.46
GNB,0.4,SmoothSubspace,fots,simple_cmp,0.4933333333333334,7395.28,203.02
GNB,0.4,BME,fots,simple_cmp,0.4266666666666667,7916.09,2503.37
GNB,0.4,CBF,fots,simple_cmp,0.5655555555555556,7886.59,5863.18
GNB,0.4,UMD,fots,simple_cmp,0.3541666666666667,7937.67,2208.75
GNB,0.4,SyntheticControl,fots,simple_cmp,0.41,7816.84,803.22
GNB,0.4,ShapeletSim,fots,simple_cmp,0.5,9674.32,7057.42
GNB,0.4,Chinatown,fots,simple_cmp,0.8483965014577259,7316.57,1678.83
GNB,0.6,ECG200,ued,simple_cmp,0.8,620.79,20.09
GNB,0.6,TwoLeadECG,ued,simple_cmp,0.6014047410008779,652.07,1356.23
GNB,0.6,ECGFiveDays,ued,simple_cmp,0.6736353077816493,672.07,1663.28
GNB,0.6,ItalyPowerDemand,ued,simple_cmp,0.8921282798833821,628.8,339.23
GNB,0.6,SonyAIBORobotSurface2,ued,simple_cmp,0.7901364113326338,629.8,656.26
GNB,0.6,SonyAIBORobotSurface1,ued,simple_cmp,0.8119800332778702,619.43,434.41
GNB,0.6,Plane,ued,simple_cmp,0.9333333333333332,623.49,24.29
GNB,0.6,Trace,ued,simple_cmp,0.82,621.93,38.03
GNB,0.6,SmoothSubspace,ued,simple_cmp,0.5533333333333333,618.5,23.83
GNB,0.6,BME,ued,simple_cmp,0.6933333333333334,646.53,248.58
GNB,0.6,CBF,ued,simple_cmp,0.8233333333333334,666.49,1079.18
GNB,0.6,UMD,ued,simple_cmp,0.8472222222222222,640.28,173.78
GNB,0.6,SyntheticControl,ued,simple_cmp,0.78,620.91,24.22
GNB,0.6,ShapeletSim,ued,simple_cmp,0.6722222222222223,670.4,544.46
GNB,0.6,Chinatown,ued,simple_cmp,0.8833819241982507,604.85,84.67
GNB,0.6,ECG200,ued,cdf_cmp,0.75,606.99,15.71
GNB,0.6,TwoLeadECG,ued,cdf_cmp,0.607550482879719,648.9,1561.01
GNB,0.6,ECGFiveDays,ued,cdf_cmp,0.5632984901277585,679.54,1772.61
GNB,0.6,ItalyPowerDemand,ued,cdf_cmp,0.8610301263362488,612.88,184.15
GNB,0.6,SonyAIBORobotSurface2,ued,cdf_cmp,0.782791185729276,644.73,1117.52
GNB,0.6,SonyAIBORobotSurface1,ued,cdf_cmp,0.7454242928452579,629.18,702.63
GNB,0.6,Plane,ued,cdf_cmp,0.8761904761904762,636.37,43.23
GNB,0.6,Trace,ued,cdf_cmp,0.62,620.95,29.38
GNB,0.6,SmoothSubspace,ued,cdf_cmp,0.6133333333333333,602.32,5.56
GNB,0.6,BME,ued,cdf_cmp,0.6733333333333333,660.07,290.65
GNB,0.6,CBF,ued,cdf_cmp,0.7088888888888889,659.12,1361.02
GNB,0.6,UMD,ued,cdf_cmp,0.7430555555555556,629.73,118.81
GNB,0.6,SyntheticControl,ued,cdf_cmp,0.38666666666666666,592.03,18.19
GNB,0.6,ShapeletSim,ued,cdf_cmp,0.4888888888888889,653.53,409.5
GNB,0.6,Chinatown,ued,cdf_cmp,0.8483965014577259,609.05,139.99
GNB,0.6,ECG200,ued,interval_cmp,0.83,621.28,19.75
GNB,0.6,TwoLeadECG,ued,interval_cmp,0.5996488147497805,644.43,1363.31
GNB,0.6,ECGFiveDays,ued,interval_cmp,0.667828106852497,681.86,1895.88
GNB,0.6,ItalyPowerDemand,ued,interval_cmp,0.8862973760932945,626.77,355.55
GNB,0.6,SonyAIBORobotSurface2,ued,interval_cmp,0.7901364113326338,632.48,671.66
GNB,0.6,SonyAIBORobotSurface1,ued,interval_cmp,0.8119800332778702,631.28,483.96
GNB,0.6,Plane,ued,interval_cmp,0.9333333333333332,635.09,21.31
GNB,0.6,Trace,ued,interval_cmp,0.82,630.79,37.78
GNB,0.6,SmoothSubspace,ued,interval_cmp,0.56,622.49,20.14
GNB,0.6,BME,ued,interval_cmp,0.6933333333333334,647.74,227.97
GNB,0.6,CBF,ued,interval_cmp,0.8511111111111112,653.42,984.35
GNB,0.6,UMD,ued,interval_cmp,0.8472222222222222,639.83,168.35
GNB,0.6,SyntheticControl,ued,interval_cmp,0.7433333333333333,621.83,23.13
GNB,0.6,ShapeletSim,ued,interval_cmp,0.6722222222222223,664.64,537.62
GNB,0.6,Chinatown,ued,interval_cmp,0.8833819241982507,606.22,62.05
GNB,0.6,ECG200,dust_uniform,simple_cmp,0.77,629.11,27.83
GNB,0.6,TwoLeadECG,dust_uniform,simple_cmp,0.6637401229148375,639.53,963.0
GNB,0.6,ECGFiveDays,dust_uniform,simple_cmp,0.6957026713124274,678.88,1802.79
GNB,0.6,ItalyPowerDemand,dust_uniform,simple_cmp,0.7998056365403304,636.39,548.97
GNB,0.6,SonyAIBORobotSurface2,dust_uniform,simple_cmp,0.7282266526757608,627.07,788.09
GNB,0.6,SonyAIBORobotSurface1,dust_uniform,simple_cmp,0.5124792013311148,627.78,566.94
GNB,0.6,Plane,dust_uniform,simple_cmp,0.8,623.71,35.35
GNB,0.6,Trace,dust_uniform,simple_cmp,0.63,635.81,24.28
GNB,0.6,SmoothSubspace,dust_uniform,simple_cmp,0.6,626.33,24.65
GNB,0.6,BME,dust_uniform,simple_cmp,0.56,642.2,216.24
GNB,0.6,CBF,dust_uniform,simple_cmp,0.8666666666666667,663.19,982.61
GNB,0.6,UMD,dust_uniform,simple_cmp,0.6041666666666666,637.35,148.96
GNB,0.6,SyntheticControl,dust_uniform,simple_cmp,0.5666666666666667,611.64,13.44
GNB,0.6,ShapeletSim,dust_uniform,simple_cmp,0.5444444444444444,684.74,599.46
GNB,0.6,Chinatown,dust_uniform,simple_cmp,0.8833819241982507,608.99,105.99
GNB,0.6,ECG200,dust_normal,simple_cmp,0.79,625.68,28.92
GNB,0.6,TwoLeadECG,dust_normal,simple_cmp,0.6874451273046532,637.06,1007.18
GNB,0.6,ECGFiveDays,dust_normal,simple_cmp,0.7131242740998839,660.09,1899.02
GNB,0.6,ItalyPowerDemand,dust_normal,simple_cmp,0.7968901846452867,638.69,534.39
GNB,0.6,SonyAIBORobotSurface2,dust_normal,simple_cmp,0.670514165792235,633.02,661.98
GNB,0.6,SonyAIBORobotSurface1,dust_normal,simple_cmp,0.4858569051580699,620.64,426.19
GNB,0.6,Plane,dust_normal,simple_cmp,0.7047619047619048,629.53,27.1
GNB,0.6,Trace,dust_normal,simple_cmp,0.63,619.92,37.48
GNB,0.6,SmoothSubspace,dust_normal,simple_cmp,0.6,626.31,33.17
GNB,0.6,BME,dust_normal,simple_cmp,0.5866666666666667,643.76,181.33
GNB,0.6,CBF,dust_normal,simple_cmp,0.8777777777777778,653.23,1020.31
GNB,0.6,UMD,dust_normal,simple_cmp,0.5486111111111112,632.15,119.15
GNB,0.6,SyntheticControl,dust_normal,simple_cmp,0.53,617.45,18.21
GNB,0.6,ShapeletSim,dust_normal,simple_cmp,0.4944444444444445,662.0,469.68
GNB,0.6,Chinatown,dust_normal,simple_cmp,0.8513119533527697,608.41,113.38
GNB,0.6,ECG200,ed,simple_cmp,0.78,624.25,23.03
GNB,0.6,TwoLeadECG,ed,simple_cmp,0.5952589991220368,650.76,1249.67
GNB,0.6,ECGFiveDays,ed,simple_cmp,0.6806039488966318,664.03,1706.12
GNB,0.6,ItalyPowerDemand,ed,simple_cmp,0.8853255587949466,631.8,393.19
GNB,0.6,SonyAIBORobotSurface2,ed,simple_cmp,0.7775445960125918,633.53,552.96
GNB,0.6,SonyAIBORobotSurface1,ed,simple_cmp,0.8119800332778702,625.82,383.49
GNB,0.6,Plane,ed,simple_cmp,0.9428571428571428,625.85,27.27
GNB,0.6,Trace,ed,simple_cmp,0.82,617.51,31.39
GNB,0.6,SmoothSubspace,ed,simple_cmp,0.5533333333333333,619.93,19.78
GNB,0.6,BME,ed,simple_cmp,0.7066666666666667,644.27,237.0
GNB,0.6,CBF,ed,simple_cmp,0.82,648.83,1044.58
GNB,0.6,UMD,ed,simple_cmp,0.8472222222222222,652.44,178.3
GNB,0.6,SyntheticControl,ed,simple_cmp,0.78,618.91,20.92
GNB,0.6,ShapeletSim,ed,simple_cmp,0.55,642.17,381.01
GNB,0.6,Chinatown,ed,simple_cmp,0.9037900874635568,604.59,56.01
GNB,0.6,ECG200,fots,simple_cmp,0.57,7232.38,181.01
GNB,0.6,TwoLeadECG,fots,simple_cmp,0.6795434591747147,7675.66,8549.33
GNB,0.6,ECGFiveDays,fots,simple_cmp,0.8025551684088269,7712.21,8115.94
GNB,0.6,ItalyPowerDemand,fots,simple_cmp,0.6277939747327502,7631.63,3906.71
GNB,0.6,SonyAIBORobotSurface2,fots,simple_cmp,0.7439664218258132,7819.01,8582.02
GNB,0.6,SonyAIBORobotSurface1,fots,simple_cmp,0.6555740432612313,7721.53,7164.65
GNB,0.6,Plane,fots,simple_cmp,0.3619047619047619,7019.03,612.64
GNB,0.6,Trace,fots,simple_cmp,0.46,7719.1,874.82
GNB,0.6,SmoothSubspace,fots,simple_cmp,0.4133333333333333,7466.15,242.02
GNB,0.6,BME,fots,simple_cmp,0.37333333333333335,7702.21,2188.7
GNB,0.6,CBF,fots,simple_cmp,0.4166666666666667,7824.35,8008.3
GNB,0.6,UMD,fots,simple_cmp,0.3055555555555556,7524.03,1927.47
GNB,0.6,SyntheticControl,fots,simple_cmp,0.3233333333333333,7921.61,736.44
GNB,0.6,ShapeletSim,fots,simple_cmp,0.5055555555555555,9120.89,7656.14
GNB,0.6,Chinatown,fots,simple_cmp,0.6355685131195336,7300.84,1455.53
GNB,0.8,ECG200,ued,simple_cmp,0.79,621.02,20.24
GNB,0.8,TwoLeadECG,ued,simple_cmp,0.5636523266022827,638.34,1282.35
GNB,0.8,ECGFiveDays,ued,simple_cmp,0.6515679442508711,684.52,2174.25
GNB,0.8,ItalyPowerDemand,ued,simple_cmp,0.7764820213799806,629.46,394.97
GNB,0.8,SonyAIBORobotSurface2,ued,simple_cmp,0.7565582371458552,628.04,781.7
GNB,0.8,SonyAIBORobotSurface1,ued,simple_cmp,0.6555740432612313,626.95,443.67
GNB,0.8,Plane,ued,simple_cmp,0.8571428571428571,622.52,21.2
GNB,0.8,Trace,ued,simple_cmp,0.72,608.92,34.39
GNB,0.8,SmoothSubspace,ued,simple_cmp,0.5333333333333333,625.07,23.08
GNB,0.8,BME,ued,simple_cmp,0.58,646.62,220.89
GNB,0.8,CBF,ued,simple_cmp,0.8544444444444445,646.03,1043.09
GNB,0.8,UMD,ued,simple_cmp,0.7777777777777778,651.68,227.94
GNB,0.8,SyntheticControl,ued,simple_cmp,0.6233333333333333,618.12,27.43
GNB,0.8,ShapeletSim,ued,simple_cmp,0.5166666666666667,678.47,431.36
GNB,0.8,Chinatown,ued,simple_cmp,0.8454810495626822,607.45,73.05
GNB,0.8,ECG200,ued,cdf_cmp,0.76,609.87,17.82
GNB,0.8,TwoLeadECG,ued,cdf_cmp,0.5513608428446005,675.44,2348.4
GNB,0.8,ECGFiveDays,ued,cdf_cmp,0.5493612078977933,663.23,2000.3
GNB,0.8,ItalyPowerDemand,ued,cdf_cmp,0.8347910592808552,612.87,186.09
GNB,0.8,SonyAIBORobotSurface2,ued,cdf_cmp,0.7618048268625394,637.26,1142.56
GNB,0.8,SonyAIBORobotSurface1,ued,cdf_cmp,0.7653910149750416,630.89,658.39
GNB,0.8,Plane,ued,cdf_cmp,0.8476190476190476,614.41,30.16
GNB,0.8,Trace,ued,cdf_cmp,0.59,627.17,43.27
GNB,0.8,SmoothSubspace,ued,cdf_cmp,0.4533333333333333,598.9,4.76
GNB,0.8,BME,ued,cdf_cmp,0.48,669.63,268.73
GNB,0.8,CBF,ued,cdf_cmp,0.6011111111111112,661.79,1508.8
GNB,0.8,UMD,ued,cdf_cmp,0.8055555555555556,640.96,144.87
GNB,0.8,SyntheticControl,ued,cdf_cmp,0.38333333333333336,614.05,20.36
GNB,0.8,ShapeletSim,ued,cdf_cmp,0.5555555555555556,691.88,512.48
GNB,0.8,Chinatown,ued,cdf_cmp,0.8717201166180758,607.2,112.84
GNB,0.8,ECG200,ued,interval_cmp,0.79,616.7,20.77
GNB,0.8,TwoLeadECG,ued,interval_cmp,0.5706760316066726,650.69,1416.6
GNB,0.8,ECGFiveDays,ued,interval_cmp,0.6469221835075494,688.19,2007.08
GNB,0.8,ItalyPowerDemand,ued,interval_cmp,0.7871720116618076,624.11,373.2
GNB,0.8,SonyAIBORobotSurface2,ued,interval_cmp,0.7628541448058762,644.05,659.7
GNB,0.8,SonyAIBORobotSurface1,ued,interval_cmp,0.6788685524126455,620.39,394.84
GNB,0.8,Plane,ued,interval_cmp,0.8666666666666667,628.77,24.96
GNB,0.8,Trace,ued,interval_cmp,0.72,624.96,31.42
GNB,0.8,SmoothSubspace,ued,interval_cmp,0.5066666666666667,624.96,16.87
GNB,0.8,BME,ued,interval_cmp,0.5866666666666667,645.9,218.07
GNB,0.8,CBF,ued,interval_cmp,0.8544444444444445,660.64,1018.09
GNB,0.8,UMD,ued,interval_cmp,0.7777777777777778,641.58,190.22
GNB,0.8,SyntheticControl,ued,interval_cmp,0.6233333333333333,616.47,16.5
GNB,0.8,ShapeletSim,ued,interval_cmp,0.4944444444444445,675.97,667.97
GNB,0.8,Chinatown,ued,interval_cmp,0.8425655976676385,604.3,58.75
GNB,0.8,ECG200,dust_uniform,simple_cmp,0.79,628.03,23.07
GNB,0.8,TwoLeadECG,dust_uniform,simple_cmp,0.6435469710272168,640.78,1146.54
GNB,0.8,ECGFiveDays,dust_uniform,simple_cmp,0.627177700348432,662.59,1835.42
GNB,0.8,ItalyPowerDemand,dust_uniform,simple_cmp,0.7667638483965015,642.66,489.03
GNB,0.8,SonyAIBORobotSurface2,dust_uniform,simple_cmp,0.6453305351521511,637.94,815.98
GNB,0.8,SonyAIBORobotSurface1,dust_uniform,simple_cmp,0.6156405990016639,619.27,422.83
GNB,0.8,Plane,dust_uniform,simple_cmp,0.6666666666666666,629.0,19.6
GNB,0.8,Trace,dust_uniform,simple_cmp,0.61,626.84,39.71
GNB,0.8,SmoothSubspace,dust_uniform,simple_cmp,0.5866666666666667,619.71,26.7
GNB,0.8,BME,dust_uniform,simple_cmp,0.5066666666666667,648.85,209.98
GNB,0.8,CBF,dust_uniform,simple_cmp,0.8511111111111112,641.46,874.84
GNB,0.8,UMD,dust_uniform,simple_cmp,0.6041666666666666,621.9,82.26
GNB,0.8,SyntheticControl,dust_uniform,simple_cmp,0.5733333333333334,622.42,25.53
GNB,0.8,ShapeletSim,dust_uniform,simple_cmp,0.5333333333333333,687.22,677.4
GNB,0.8,Chinatown,dust_uniform,simple_cmp,0.8134110787172012,607.39,106.78
GNB,0.8,ECG200,dust_normal,simple_cmp,0.78,627.47,23.63
GNB,0.8,TwoLeadECG,dust_normal,simple_cmp,0.6461808604038629,630.3,1041.91
GNB,0.8,ECGFiveDays,dust_normal,simple_cmp,0.6225319396051103,694.79,1942.28
GNB,0.8,ItalyPowerDemand,dust_normal,simple_cmp,0.7667638483965015,634.92,466.8
GNB,0.8,SonyAIBORobotSurface2,dust_normal,simple_cmp,0.608604407135362,640.03,817.02
GNB,0.8,SonyAIBORobotSurface1,dust_normal,simple_cmp,0.5224625623960066,626.61,400.87
GNB,0.8,Plane,dust_normal,simple_cmp,0.6571428571428571,615.72,20.48
GNB,0.8,Trace,dust_normal,simple_cmp,0.59,631.49,35.09
GNB,0.8,SmoothSubspace,dust_normal,simple_cmp,0.5533333333333333,621.45,21.89
GNB,0.8,BME,dust_normal,simple_cmp,0.6,636.07,180.42
GNB,0.8,CBF,dust_normal,simple_cmp,0.8422222222222222,671.0,1028.84
GNB,0.8,UMD,dust_normal,simple_cmp,0.5902777777777778,625.09,91.46
GNB,0.8,SyntheticControl,dust_normal,simple_cmp,0.5333333333333333,627.95,31.82
GNB,0.8,ShapeletSim,dust_normal,simple_cmp,0.5111111111111111,651.59,350.86
GNB,0.8,Chinatown,dust_normal,simple_cmp,0.7959183673469388,608.42,116.74
GNB,0.8,ECG200,ed,simple_cmp,0.76,632.76,25.34
GNB,0.8,TwoLeadECG,ed,simple_cmp,0.5627743634767339,635.43,1299.85
GNB,0.8,ECGFiveDays,ed,simple_cmp,0.6550522648083623,661.6,1665.77
GNB,0.8,ItalyPowerDemand,ed,simple_cmp,0.7638483965014577,637.42,350.72
GNB,0.8,SonyAIBORobotSurface2,ed,simple_cmp,0.7649527806925498,635.51,591.79
GNB,0.8,SonyAIBORobotSurface1,ed,simple_cmp,0.6555740432612313,620.93,397.18
GNB,0.8,Plane,ed,simple_cmp,0.8571428571428571,625.4,26.72
GNB,0.8,Trace,ed,simple_cmp,0.72,650.37,25.79
GNB,0.8,SmoothSubspace,ed,simple_cmp,0.5066666666666667,618.68,20.1
GNB,0.8,BME,ed,simple_cmp,0.5866666666666667,647.88,226.46
GNB,0.8,CBF,ed,simple_cmp,0.82,648.22,944.65
GNB,0.8,UMD,ed,simple_cmp,0.7569444444444444,648.8,168.49
GNB,0.8,SyntheticControl,ed,simple_cmp,0.67,623.61,23.96
GNB,0.8,ShapeletSim,ed,simple_cmp,0.4944444444444445,659.21,496.18
GNB,0.8,Chinatown,ed,simple_cmp,0.8163265306122449,604.48,55.8
GNB,0.8,ECG200,fots,simple_cmp,0.61,7909.27,819.34
GNB,0.8,TwoLeadECG,fots,simple_cmp,0.6189640035118525,7599.88,6972.59
GNB,0.8,ECGFiveDays,fots,simple_cmp,0.7328687572590011,7548.42,6079.65
GNB,0.8,ItalyPowerDemand,fots,simple_cmp,0.5850340136054422,7666.43,3945.55
GNB,0.8,SonyAIBORobotSurface2,fots,simple_cmp,0.6369359916054564,7792.78,7063.17
GNB,0.8,SonyAIBORobotSurface1,fots,simple_cmp,0.589018302828619,7807.07,7012.13
GNB,0.8,Plane,fots,simple_cmp,0.37142857142857133,7336.93,599.58
GNB,0.8,Trace,fots,simple_cmp,0.24,7019.53,1042.74
GNB,0.8,SmoothSubspace,fots,simple_cmp,0.4133333333333333,7419.99,241.43
GNB,0.8,BME,fots,simple_cmp,0.37333333333333335,8099.73,2843.27
GNB,0.8,CBF,fots,simple_cmp,0.5577777777777778,7905.69,6629.15
GNB,0.8,UMD,fots,simple_cmp,0.4097222222222222,7677.26,2138.03
GNB,0.8,SyntheticControl,fots,simple_cmp,0.32666666666666666,7789.9,778.34
GNB,0.8,ShapeletSim,fots,simple_cmp,0.4944444444444445,4774.21,5123.68
GNB,0.8,Chinatown,fots,simple_cmp,0.6618075801749271,7321.25,1660.46
GNB,1.0,ECG200,ued,simple_cmp,0.76,630.49,22.84
GNB,1.0,TwoLeadECG,ued,simple_cmp,0.5434591747146621,644.39,1463.99
GNB,1.0,ECGFiveDays,ued,simple_cmp,0.59465737514518,688.84,2349.35
GNB,1.0,ItalyPowerDemand,ued,simple_cmp,0.7949465500485908,631.23,384.66
GNB,1.0,SonyAIBORobotSurface2,ued,simple_cmp,0.7051416579223505,634.14,654.56
GNB,1.0,SonyAIBORobotSurface1,ued,simple_cmp,0.7271214642262895,628.58,377.46
GNB,1.0,Plane,ued,simple_cmp,0.7809523809523811,612.32,19.91
GNB,1.0,Trace,ued,simple_cmp,0.66,621.57,44.5
GNB,1.0,SmoothSubspace,ued,simple_cmp,0.5066666666666667,615.11,20.91
GNB,1.0,BME,ued,simple_cmp,0.4933333333333334,650.39,218.6
GNB,1.0,CBF,ued,simple_cmp,0.76,665.41,1259.98
GNB,1.0,UMD,ued,simple_cmp,0.7152777777777778,635.96,162.67
GNB,1.0,SyntheticControl,ued,simple_cmp,0.6333333333333333,618.84,25.24
GNB,1.0,ShapeletSim,ued,simple_cmp,0.5555555555555556,670.44,568.45
GNB,1.0,Chinatown,ued,simple_cmp,0.8600583090379009,604.53,70.12
GNB,1.0,ECG200,ued,cdf_cmp,0.78,623.87,23.69
GNB,1.0,TwoLeadECG,ued,cdf_cmp,0.5680421422300264,658.33,2786.53
GNB,1.0,ECGFiveDays,ued,cdf_cmp,0.5667828106852497,674.39,2153.81
GNB,1.0,ItalyPowerDemand,ued,cdf_cmp,0.8357628765792031,620.63,267.95
GNB,1.0,SonyAIBORobotSurface2,ued,cdf_cmp,0.7240293809024134,633.52,962.51
GNB,1.0,SonyAIBORobotSurface1,ued,cdf_cmp,0.7237936772046589,622.02,576.2
GNB,1.0,Plane,ued,cdf_cmp,0.6571428571428571,623.06,23.36
GNB,1.0,Trace,ued,cdf_cmp,0.51,630.66,48.39
GNB,1.0,SmoothSubspace,ued,cdf_cmp,0.4533333333333333,600.79,5.31
GNB,1.0,BME,ued,cdf_cmp,0.4733333333333333,641.48,216.22
GNB,1.0,CBF,ued,cdf_cmp,0.6277777777777778,682.95,1329.72
GNB,1.0,UMD,ued,cdf_cmp,0.6666666666666666,648.07,216.11
GNB,1.0,SyntheticControl,ued,cdf_cmp,0.22666666666666666,605.29,9.23
GNB,1.0,ShapeletSim,ued,cdf_cmp,0.5222222222222223,656.16,446.89
GNB,1.0,Chinatown,ued,cdf_cmp,0.7434402332361516,608.13,151.92
GNB,1.0,ECG200,ued,interval_cmp,0.77,627.06,24.65
GNB,1.0,TwoLeadECG,ued,interval_cmp,0.5452151009657594,647.85,1490.45
GNB,1.0,ECGFiveDays,ued,interval_cmp,0.6213704994192799,681.5,2139.0
GNB,1.0,ItalyPowerDemand,ued,interval_cmp,0.793974732750243,632.38,424.37
GNB,1.0,SonyAIBORobotSurface2,ued,interval_cmp,0.7019937040923401,637.65,815.23
GNB,1.0,SonyAIBORobotSurface1,ued,interval_cmp,0.7304492512479202,624.34,402.79
GNB,1.0,Plane,ued,interval_cmp,0.8190476190476189,624.44,23.03
GNB,1.0,Trace,ued,interval_cmp,0.66,636.15,26.27
GNB,1.0,SmoothSubspace,ued,interval_cmp,0.5066666666666667,619.68,15.25
GNB,1.0,BME,ued,interval_cmp,0.5266666666666666,647.74,190.45
GNB,1.0,CBF,ued,interval_cmp,0.7322222222222222,678.68,1299.44
GNB,1.0,UMD,ued,interval_cmp,0.75,643.32,139.55
GNB,1.0,SyntheticControl,ued,interval_cmp,0.6133333333333333,618.11,21.36
GNB,1.0,ShapeletSim,ued,interval_cmp,0.5555555555555556,665.89,561.92
GNB,1.0,Chinatown,ued,interval_cmp,0.8571428571428571,604.22,53.08
GNB,1.0,ECG200,dust_uniform,simple_cmp,0.75,618.09,20.65
GNB,1.0,TwoLeadECG,dust_uniform,simple_cmp,0.6005267778753293,635.16,997.94
GNB,1.0,ECGFiveDays,dust_uniform,simple_cmp,0.6074332171893148,666.48,1681.51
GNB,1.0,ItalyPowerDemand,dust_uniform,simple_cmp,0.6997084548104956,638.97,457.21
GNB,1.0,SonyAIBORobotSurface2,dust_uniform,simple_cmp,0.695697796432319,630.78,806.27
GNB,1.0,SonyAIBORobotSurface1,dust_uniform,simple_cmp,0.5307820299500832,625.61,571.0
GNB,1.0,Plane,dust_uniform,simple_cmp,0.6190476190476191,625.63,22.52
GNB,1.0,Trace,dust_uniform,simple_cmp,0.47,632.03,31.22
GNB,1.0,SmoothSubspace,dust_uniform,simple_cmp,0.5533333333333333,623.44,22.69
GNB,1.0,BME,dust_uniform,simple_cmp,0.4933333333333334,644.01,210.39
GNB,1.0,CBF,dust_uniform,simple_cmp,0.85,649.81,1002.56
GNB,1.0,UMD,dust_uniform,simple_cmp,0.5763888888888888,638.98,123.39
GNB,1.0,SyntheticControl,dust_uniform,simple_cmp,0.58,623.05,28.5
GNB,1.0,ShapeletSim,dust_uniform,simple_cmp,0.4555555555555556,683.95,532.92
GNB,1.0,Chinatown,dust_uniform,simple_cmp,0.7580174927113703,605.58,90.84
GNB,1.0,ECG200,dust_normal,simple_cmp,0.73,635.29,28.66
GNB,1.0,TwoLeadECG,dust_normal,simple_cmp,0.6128182616330115,640.74,1197.55
GNB,1.0,ECGFiveDays,dust_normal,simple_cmp,0.59465737514518,678.43,1855.54
GNB,1.0,ItalyPowerDemand,dust_normal,simple_cmp,0.7035957240038873,632.52,409.39
GNB,1.0,SonyAIBORobotSurface2,dust_normal,simple_cmp,0.6117523609653726,627.2,752.65
GNB,1.0,SonyAIBORobotSurface1,dust_normal,simple_cmp,0.43261231281198,629.41,633.01
GNB,1.0,Plane,dust_normal,simple_cmp,0.6,621.82,29.64
GNB,1.0,Trace,dust_normal,simple_cmp,0.56,616.11,25.44
GNB,1.0,SmoothSubspace,dust_normal,simple_cmp,0.5133333333333333,626.46,21.45
GNB,1.0,BME,dust_normal,simple_cmp,0.52,648.43,196.03
GNB,1.0,CBF,dust_normal,simple_cmp,0.8266666666666667,656.97,990.44
GNB,1.0,UMD,dust_normal,simple_cmp,0.5208333333333334,616.67,66.09
GNB,1.0,SyntheticControl,dust_normal,simple_cmp,0.5,617.35,21.47
GNB,1.0,ShapeletSim,dust_normal,simple_cmp,0.4777777777777778,674.4,566.81
GNB,1.0,Chinatown,dust_normal,simple_cmp,0.7521865889212828,608.87,106.54
GNB,1.0,ECG200,ed,simple_cmp,0.77,627.72,23.98
GNB,1.0,TwoLeadECG,ed,simple_cmp,0.5417032484635645,647.96,1289.31
GNB,1.0,ECGFiveDays,ed,simple_cmp,0.6260162601626016,662.45,1713.65
GNB,1.0,ItalyPowerDemand,ed,simple_cmp,0.7900874635568513,632.28,424.73
GNB,1.0,SonyAIBORobotSurface2,ed,simple_cmp,0.7051416579223505,629.09,539.22
GNB,1.0,SonyAIBORobotSurface1,ed,simple_cmp,0.7271214642262895,617.47,333.32
GNB,1.0,Plane,ed,simple_cmp,0.8190476190476189,622.29,20.1
GNB,1.0,Trace,ed,simple_cmp,0.66,624.44,24.26
GNB,1.0,SmoothSubspace,ed,simple_cmp,0.5133333333333333,615.83,15.84
GNB,1.0,BME,ed,simple_cmp,0.5133333333333333,647.32,252.88
GNB,1.0,CBF,ed,simple_cmp,0.7511111111111111,655.32,1115.36
GNB,1.0,UMD,ed,simple_cmp,0.7430555555555556,642.25,126.16
GNB,1.0,SyntheticControl,ed,simple_cmp,0.69,625.19,20.62
GNB,1.0,ShapeletSim,ed,simple_cmp,0.5444444444444444,647.05,379.59
GNB,1.0,Chinatown,ed,simple_cmp,0.8629737609329446,604.6,55.17
GNB,1.0,ECG200,fots,simple_cmp,0.58,7518.54,380.04
GNB,1.0,TwoLeadECG,fots,simple_cmp,0.6163301141352063,7775.82,7942.43
GNB,1.0,ECGFiveDays,fots,simple_cmp,0.5505226480836237,7776.63,7032.92
GNB,1.0,ItalyPowerDemand,fots,simple_cmp,0.5733722060252673,7658.7,4128.65
GNB,1.0,SonyAIBORobotSurface2,fots,simple_cmp,0.5792235047219307,7768.81,7786.02
GNB,1.0,SonyAIBORobotSurface1,fots,simple_cmp,0.4725457570715474,7705.15,6488.03
GNB,1.0,Plane,fots,simple_cmp,0.3333333333333333,6916.56,508.16
GNB,1.0,Trace,fots,simple_cmp,0.27,8315.4,1208.55
GNB,1.0,SmoothSubspace,fots,simple_cmp,0.38666666666666666,7349.42,164.13
GNB,1.0,BME,fots,simple_cmp,0.4,7871.53,2409.44
GNB,1.0,CBF,fots,simple_cmp,0.4988888888888889,7713.29,7382.08
GNB,1.0,UMD,fots,simple_cmp,0.3333333333333333,7783.46,2784.38
GNB,1.0,SyntheticControl,fots,simple_cmp,0.3433333333333333,7888.96,748.45
GNB,1.0,ShapeletSim,fots,simple_cmp,0.4611111111111112,6931.93,3896.64
GNB,1.0,Chinatown,fots,simple_cmp,0.7084548104956269,7321.05,1732.3
GNB,1.2,ECG200,ued,simple_cmp,0.77,628.22,29.66
GNB,1.2,TwoLeadECG,ued,simple_cmp,0.5443371378402108,644.1,1546.95
GNB,1.2,ECGFiveDays,ued,simple_cmp,0.6178861788617886,674.75,2414.44
GNB,1.2,ItalyPowerDemand,ued,simple_cmp,0.7560738581146744,642.9,499.79
GNB,1.2,SonyAIBORobotSurface2,ued,simple_cmp,0.6915005246589717,630.68,572.27
GNB,1.2,SonyAIBORobotSurface1,ued,simple_cmp,0.7054908485856906,625.51,373.91
GNB,1.2,Plane,ued,simple_cmp,0.7523809523809524,622.41,28.55
GNB,1.2,Trace,ued,simple_cmp,0.62,618.97,30.48
GNB,1.2,SmoothSubspace,ued,simple_cmp,0.3933333333333333,622.92,16.32
GNB,1.2,BME,ued,simple_cmp,0.5866666666666667,643.22,217.29
GNB,1.2,CBF,ued,simple_cmp,0.6822222222222222,657.06,1069.63
GNB,1.2,UMD,ued,simple_cmp,0.75,653.83,191.19
GNB,1.2,SyntheticControl,ued,simple_cmp,0.5266666666666666,617.05,21.5
GNB,1.2,ShapeletSim,ued,simple_cmp,0.5055555555555555,691.78,646.3
GNB,1.2,Chinatown,ued,simple_cmp,0.8367346938775511,607.0,76.54
GNB,1.2,ECG200,ued,cdf_cmp,0.73,617.09,17.6
GNB,1.2,TwoLeadECG,ued,cdf_cmp,0.5399473222124671,689.41,2951.9
GNB,1.2,ECGFiveDays,ued,cdf_cmp,0.5795586527293844,677.1,2092.93
GNB,1.2,ItalyPowerDemand,ued,cdf_cmp,0.7998056365403304,623.61,194.1
GNB,1.2,SonyAIBORobotSurface2,ued,cdf_cmp,0.6883525708289612,632.11,1017.51
GNB,1.2,SonyAIBORobotSurface1,ued,cdf_cmp,0.6622296173044925,640.01,720.11
GNB,1.2,Plane,ued,cdf_cmp,0.6952380952380952,614.12,20.31
GNB,1.2,Trace,ued,cdf_cmp,0.42,623.11,40.17
GNB,1.2,SmoothSubspace,ued,cdf_cmp,0.3933333333333333,599.93,5.28
GNB,1.2,BME,ued,cdf_cmp,0.5866666666666667,654.11,220.61
GNB,1.2,CBF,ued,cdf_cmp,0.5533333333333333,652.13,1451.57
GNB,1.2,UMD,ued,cdf_cmp,0.6597222222222222,634.49,157.27
GNB,1.2,SyntheticControl,ued,cdf_cmp,,,
GNB,1.2,ShapeletSim,ued,cdf_cmp,0.4888888888888889,663.59,641.71
GNB,1.2,Chinatown,ued,cdf_cmp,0.6705539358600583,605.77,107.38
GNB,1.2,ECG200,ued,interval_cmp,0.72,625.19,26.97
GNB,1.2,TwoLeadECG,ued,interval_cmp,0.5381913959613697,649.68,1670.37
GNB,1.2,ECGFiveDays,ued,interval_cmp,0.6132404181184669,681.54,2423.12
GNB,1.2,ItalyPowerDemand,ued,interval_cmp,0.749271137026239,649.15,516.36
GNB,1.2,SonyAIBORobotSurface2,ued,interval_cmp,0.6946484784889821,623.87,603.59
GNB,1.2,SonyAIBORobotSurface1,ued,interval_cmp,0.7054908485856906,616.24,366.41
GNB,1.2,Plane,ued,interval_cmp,0.7809523809523811,629.81,27.45
GNB,1.2,Trace,ued,interval_cmp,0.62,627.86,35.0
GNB,1.2,SmoothSubspace,ued,interval_cmp,0.38666666666666666,612.4,13.45
GNB,1.2,BME,ued,interval_cmp,0.58,641.48,166.24
GNB,1.2,CBF,ued,interval_cmp,0.6822222222222222,648.2,1056.95
GNB,1.2,UMD,ued,interval_cmp,0.7638888888888888,646.43,153.91
GNB,1.2,SyntheticControl,ued,interval_cmp,0.5266666666666666,627.15,21.9
GNB,1.2,ShapeletSim,ued,interval_cmp,0.4666666666666667,674.27,486.56
GNB,1.2,Chinatown,ued,interval_cmp,0.8367346938775511,604.13,59.01
GNB,1.2,ECG200,dust_uniform,simple_cmp,0.67,636.3,38.22
GNB,1.2,TwoLeadECG,dust_uniform,simple_cmp,0.6374012291483757,643.75,966.88
GNB,1.2,ECGFiveDays,dust_uniform,simple_cmp,0.6353077816492451,676.59,1884.07
GNB,1.2,ItalyPowerDemand,dust_uniform,simple_cmp,0.6948493683187561,637.19,477.95
GNB,1.2,SonyAIBORobotSurface2,dust_uniform,simple_cmp,0.6862539349422875,642.82,1065.2
GNB,1.2,SonyAIBORobotSurface1,dust_uniform,simple_cmp,0.4841930116472546,625.76,559.74
GNB,1.2,Plane,dust_uniform,simple_cmp,0.5523809523809524,631.16,32.47
GNB,1.2,Trace,dust_uniform,simple_cmp,0.6,644.72,33.83
GNB,1.2,SmoothSubspace,dust_uniform,simple_cmp,0.5066666666666667,616.09,16.66
GNB,1.2,BME,dust_uniform,simple_cmp,0.5333333333333333,649.84,227.97
GNB,1.2,CBF,dust_uniform,simple_cmp,0.7866666666666666,661.19,1006.88
GNB,1.2,UMD,dust_uniform,simple_cmp,0.5277777777777778,637.67,163.38
GNB,1.2,SyntheticControl,dust_uniform,simple_cmp,0.47,623.63,20.99
GNB,1.2,ShapeletSim,dust_uniform,simple_cmp,0.4944444444444445,685.01,553.55
GNB,1.2,Chinatown,dust_uniform,simple_cmp,0.7580174927113703,607.01,110.46
GNB,1.2,ECG200,dust_normal,simple_cmp,0.7,638.03,35.88
GNB,1.2,TwoLeadECG,dust_normal,simple_cmp,0.6251097453906936,643.15,1189.87
GNB,1.2,ECGFiveDays,dust_normal,simple_cmp,0.627177700348432,691.99,2214.77
GNB,1.2,ItalyPowerDemand,dust_normal,simple_cmp,0.7259475218658892,631.75,449.33
GNB,1.2,SonyAIBORobotSurface2,dust_normal,simple_cmp,0.602308499475341,645.52,983.03
GNB,1.2,SonyAIBORobotSurface1,dust_normal,simple_cmp,0.4559068219633943,626.1,614.05
GNB,1.2,Plane,dust_normal,simple_cmp,0.4952380952380953,617.52,18.16
GNB,1.2,Trace,dust_normal,simple_cmp,0.51,631.59,29.07
GNB,1.2,SmoothSubspace,dust_normal,simple_cmp,0.5,619.15,19.03
GNB,1.2,BME,dust_normal,simple_cmp,0.5,647.04,210.67
GNB,1.2,CBF,dust_normal,simple_cmp,0.7933333333333333,666.32,1142.03
GNB,1.2,UMD,dust_normal,simple_cmp,0.4930555555555556,630.49,117.17
GNB,1.2,SyntheticControl,dust_normal,simple_cmp,0.4666666666666667,620.21,22.66
GNB,1.2,ShapeletSim,dust_normal,simple_cmp,0.4388888888888889,658.1,407.33
GNB,1.2,Chinatown,dust_normal,simple_cmp,0.6967930029154519,608.58,113.33
GNB,1.2,ECG200,ed,simple_cmp,0.76,617.2,24.51
GNB,1.2,TwoLeadECG,ed,simple_cmp,0.5381913959613697,652.81,1458.65
GNB,1.2,ECGFiveDays,ed,simple_cmp,0.6318234610917538,671.13,1916.92
GNB,1.2,ItalyPowerDemand,ed,simple_cmp,0.7531584062196307,635.81,497.98
GNB,1.2,SonyAIBORobotSurface2,ed,simple_cmp,0.7009443861490031,627.67,493.11
GNB,1.2,SonyAIBORobotSurface1,ed,simple_cmp,0.7054908485856906,624.9,388.41
GNB,1.2,Plane,ed,simple_cmp,0.7619047619047619,628.63,25.71
GNB,1.2,Trace,ed,simple_cmp,0.62,631.06,25.04
GNB,1.2,SmoothSubspace,ed,simple_cmp,0.42,616.79,15.52
GNB,1.2,BME,ed,simple_cmp,0.5466666666666666,636.66,168.86
GNB,1.2,CBF,ed,simple_cmp,0.6822222222222222,648.35,910.92
GNB,1.2,UMD,ed,simple_cmp,0.75,639.76,175.95
GNB,1.2,SyntheticControl,ed,simple_cmp,0.59,618.63,17.5
GNB,1.2,ShapeletSim,ed,simple_cmp,0.4666666666666667,672.45,460.31
GNB,1.2,Chinatown,ed,simple_cmp,0.8483965014577259,604.04,44.58
GNB,1.2,ECG200,fots,simple_cmp,0.63,7722.77,648.21
GNB,1.2,TwoLeadECG,fots,simple_cmp,0.5522388059701493,7880.75,9761.56
GNB,1.2,ECGFiveDays,fots,simple_cmp,0.6004645760743321,7805.08,8951.97
GNB,1.2,ItalyPowerDemand,fots,simple_cmp,0.564625850340136,7626.7,3846.02
GNB,1.2,SonyAIBORobotSurface2,fots,simple_cmp,0.6316894018887723,7773.49,8439.72
GNB,1.2,SonyAIBORobotSurface1,fots,simple_cmp,0.5158069883527454,7686.43,6557.08
GNB,1.2,Plane,fots,simple_cmp,0.2857142857142857,7153.49,589.51
GNB,1.2,Trace,fots,simple_cmp,0.27,8287.86,1118.6
GNB,1.2,SmoothSubspace,fots,simple_cmp,0.3466666666666667,7295.48,121.55
GNB,1.2,BME,fots,simple_cmp,0.34,7516.37,1942.27
GNB,1.2,CBF,fots,simple_cmp,0.4055555555555556,7914.88,8524.98
GNB,1.2,UMD,fots,simple_cmp,0.3888888888888889,7507.6,1816.74
GNB,1.2,SyntheticControl,fots,simple_cmp,0.31,7863.01,839.31
GNB,1.2,ShapeletSim,fots,simple_cmp,0.5222222222222223,9636.79,8239.01
GNB,1.2,Chinatown,fots,simple_cmp,0.5451895043731778,7304.64,1651.93
GNB,1.4,ECG200,ued,simple_cmp,0.78,621.43,24.24
GNB,1.4,TwoLeadECG,ued,simple_cmp,0.5013169446883231,647.26,1585.85
GNB,1.4,ECGFiveDays,ued,simple_cmp,0.6236933797909407,692.29,2336.88
GNB,1.4,ItalyPowerDemand,ued,simple_cmp,0.7376093294460642,635.67,479.69
GNB,1.4,SonyAIBORobotSurface2,ued,simple_cmp,0.6253934942287513,630.45,689.48
GNB,1.4,SonyAIBORobotSurface1,ued,simple_cmp,0.6156405990016639,621.84,512.03
GNB,1.4,Plane,ued,simple_cmp,0.6285714285714286,619.44,29.22
GNB,1.4,Trace,ued,simple_cmp,0.46,618.46,30.26
GNB,1.4,SmoothSubspace,ued,simple_cmp,0.5,621.29,27.21
GNB,1.4,BME,ued,simple_cmp,0.5533333333333333,654.31,271.44
GNB,1.4,CBF,ued,simple_cmp,0.6977777777777778,653.28,1069.21
GNB,1.4,UMD,ued,simple_cmp,0.6180555555555556,660.43,187.7
GNB,1.4,SyntheticControl,ued,simple_cmp,0.5533333333333333,620.68,16.6
GNB,1.4,ShapeletSim,ued,simple_cmp,0.5055555555555555,662.37,541.79
GNB,1.4,Chinatown,ued,simple_cmp,0.7842565597667639,605.92,61.55
GNB,1.4,ECG200,ued,cdf_cmp,0.72,619.32,18.7
GNB,1.4,TwoLeadECG,ued,cdf_cmp,0.5171202809482002,667.4,2658.34
GNB,1.4,ECGFiveDays,ued,cdf_cmp,0.5563298490127758,670.99,2096.99
GNB,1.4,ItalyPowerDemand,ued,cdf_cmp,0.6112730806608357,614.81,237.55
GNB,1.4,SonyAIBORobotSurface2,ued,cdf_cmp,0.6096537250786989,647.0,1297.29
GNB,1.4,SonyAIBORobotSurface1,ued,cdf_cmp,0.5474209650582362,633.49,827.37
GNB,1.4,Plane,ued,cdf_cmp,0.4666666666666667,599.25,13.6
GNB,1.4,Trace,ued,cdf_cmp,0.38,616.51,42.1
GNB,1.4,SmoothSubspace,ued,cdf_cmp,0.4933333333333334,597.18,4.51
GNB,1.4,BME,ued,cdf_cmp,0.5666666666666667,637.59,172.17
GNB,1.4,CBF,ued,cdf_cmp,0.6344444444444445,649.66,1173.32
GNB,1.4,UMD,ued,cdf_cmp,0.6319444444444444,660.52,231.32
GNB,1.4,SyntheticControl,ued,cdf_cmp,,,
GNB,1.4,ShapeletSim,ued,cdf_cmp,0.5277777777777778,667.33,615.93
GNB,1.4,Chinatown,ued,cdf_cmp,0.685131195335277,609.88,150.13
GNB,1.4,ECG200,ued,interval_cmp,0.78,625.92,24.97
GNB,1.4,TwoLeadECG,ued,interval_cmp,0.52414398595259,650.76,1803.63
GNB,1.4,ECGFiveDays,ued,interval_cmp,0.6027874564459931,681.7,2432.99
GNB,1.4,ItalyPowerDemand,ued,interval_cmp,0.7317784256559767,640.05,536.53
GNB,1.4,SonyAIBORobotSurface2,ued,interval_cmp,0.6432318992654774,623.87,658.24
GNB,1.4,SonyAIBORobotSurface1,ued,interval_cmp,0.6173044925124792,623.28,500.48
GNB,1.4,Plane,ued,interval_cmp,0.6190476190476191,615.93,19.41
GNB,1.4,Trace,ued,interval_cmp,0.46,612.9,27.69
GNB,1.4,SmoothSubspace,ued,interval_cmp,0.52,621.21,16.41
GNB,1.4,BME,ued,interval_cmp,0.5266666666666666,651.07,210.05
GNB,1.4,CBF,ued,interval_cmp,0.6677777777777778,659.42,1190.11
GNB,1.4,UMD,ued,interval_cmp,0.5833333333333334,657.71,211.8
GNB,1.4,SyntheticControl,ued,interval_cmp,0.5533333333333333,633.06,29.85
GNB,1.4,ShapeletSim,ued,interval_cmp,0.5,669.87,518.28
GNB,1.4,Chinatown,ued,interval_cmp,0.7842565597667639,604.35,61.99
GNB,1.4,ECG200,dust_uniform,simple_cmp,0.72,647.46,33.25
GNB,1.4,TwoLeadECG,dust_uniform,simple_cmp,0.6242317822651449,649.9,1160.23
GNB,1.4,ECGFiveDays,dust_uniform,simple_cmp,0.5853658536585366,685.85,1897.14
GNB,1.4,ItalyPowerDemand,dust_uniform,simple_cmp,0.7356656948493683,634.62,440.07
GNB,1.4,SonyAIBORobotSurface2,dust_uniform,simple_cmp,0.6631689401888772,640.48,886.09
GNB,1.4,SonyAIBORobotSurface1,dust_uniform,simple_cmp,0.4608985024958402,626.89,502.36
GNB,1.4,Plane,dust_uniform,simple_cmp,0.5333333333333333,620.65,16.62
GNB,1.4,Trace,dust_uniform,simple_cmp,0.44,637.74,26.12
GNB,1.4,SmoothSubspace,dust_uniform,simple_cmp,0.5266666666666666,622.02,25.35
GNB,1.4,BME,dust_uniform,simple_cmp,0.4933333333333334,650.83,244.47
GNB,1.4,CBF,dust_uniform,simple_cmp,0.8,653.65,954.37
GNB,1.4,UMD,dust_uniform,simple_cmp,0.4722222222222222,635.71,147.15
GNB,1.4,SyntheticControl,dust_uniform,simple_cmp,0.4566666666666666,627.21,23.65
GNB,1.4,ShapeletSim,dust_uniform,simple_cmp,0.4722222222222222,666.08,436.21
GNB,1.4,Chinatown,dust_uniform,simple_cmp,0.7551020408163265,608.08,111.83
GNB,1.4,ECG200,dust_normal,simple_cmp,0.72,641.32,37.81
GNB,1.4,TwoLeadECG,dust_normal,simple_cmp,0.5856014047410009,644.98,1004.97
GNB,1.4,ECGFiveDays,dust_normal,simple_cmp,0.6190476190476191,661.14,1957.24
GNB,1.4,ItalyPowerDemand,dust_normal,simple_cmp,0.7016520894071915,632.94,441.9
GNB,1.4,SonyAIBORobotSurface2,dust_normal,simple_cmp,0.6264428121720882,628.28,768.67
GNB,1.4,SonyAIBORobotSurface1,dust_normal,simple_cmp,0.4392678868552413,622.71,414.69
GNB,1.4,Plane,dust_normal,simple_cmp,0.5619047619047619,625.13,31.89
GNB,1.4,Trace,dust_normal,simple_cmp,0.48,624.28,31.06
GNB,1.4,SmoothSubspace,dust_normal,simple_cmp,0.44,624.37,21.86
GNB,1.4,BME,dust_normal,simple_cmp,0.4933333333333334,658.71,232.14
GNB,1.4,CBF,dust_normal,simple_cmp,0.7877777777777778,655.06,783.78
GNB,1.4,UMD,dust_normal,simple_cmp,0.4791666666666667,630.79,130.87
GNB,1.4,SyntheticControl,dust_normal,simple_cmp,0.4566666666666666,618.98,22.92
GNB,1.4,ShapeletSim,dust_normal,simple_cmp,0.4888888888888889,657.6,495.73
GNB,1.4,Chinatown,dust_normal,simple_cmp,0.6909620991253644,611.28,164.51
GNB,1.4,ECG200,ed,simple_cmp,0.73,641.85,31.67
GNB,1.4,TwoLeadECG,ed,simple_cmp,0.5013169446883231,642.57,1522.71
GNB,1.4,ECGFiveDays,ed,simple_cmp,0.6225319396051103,670.46,2000.01
GNB,1.4,ItalyPowerDemand,ed,simple_cmp,0.7366375121477162,634.14,468.38
GNB,1.4,SonyAIBORobotSurface2,ed,simple_cmp,0.6306400839454355,624.12,513.89
GNB,1.4,SonyAIBORobotSurface1,ed,simple_cmp,0.5990016638935108,624.27,460.96
GNB,1.4,Plane,ed,simple_cmp,0.6952380952380952,624.59,25.33
GNB,1.4,Trace,ed,simple_cmp,0.46,614.51,24.36
GNB,1.4,SmoothSubspace,ed,simple_cmp,0.5466666666666666,618.77,18.33
GNB,1.4,BME,ed,simple_cmp,0.5133333333333333,641.74,200.0
GNB,1.4,CBF,ed,simple_cmp,0.6777777777777778,647.83,958.23
GNB,1.4,UMD,ed,simple_cmp,0.5902777777777778,636.48,156.78
GNB,1.4,SyntheticControl,ed,simple_cmp,0.5766666666666667,615.96,17.54
GNB,1.4,ShapeletSim,ed,simple_cmp,0.4666666666666667,654.36,437.86
GNB,1.4,Chinatown,ed,simple_cmp,0.8104956268221575,604.47,53.99
GNB,1.4,ECG200,fots,simple_cmp,0.64,7447.19,384.39
GNB,1.4,TwoLeadECG,fots,simple_cmp,0.5346795434591747,7841.56,10396.64
GNB,1.4,ECGFiveDays,fots,simple_cmp,0.6933797909407665,7797.18,7881.77
GNB,1.4,ItalyPowerDemand,fots,simple_cmp,0.5393586005830904,7739.99,5071.48
GNB,1.4,SonyAIBORobotSurface2,fots,simple_cmp,0.5949632738719832,7829.12,9651.05
GNB,1.4,SonyAIBORobotSurface1,fots,simple_cmp,0.480865224625624,7730.79,8406.35
GNB,1.4,Plane,fots,simple_cmp,0.17142857142857146,7041.14,562.15
GNB,1.4,Trace,fots,simple_cmp,0.26,8352.36,1161.48
GNB,1.4,SmoothSubspace,fots,simple_cmp,0.36,7378.0,170.26
GNB,1.4,BME,fots,simple_cmp,0.3933333333333333,7834.45,2213.63
GNB,1.4,CBF,fots,simple_cmp,0.3466666666666667,7920.89,9391.52
GNB,1.4,UMD,fots,simple_cmp,0.3125,7688.28,1894.4
GNB,1.4,SyntheticControl,fots,simple_cmp,0.3033333333333333,7793.8,752.03
GNB,1.4,ShapeletSim,fots,simple_cmp,0.5055555555555555,7563.87,10719.92
GNB,1.4,Chinatown,fots,simple_cmp,0.5189504373177842,7302.57,1505.59
GNB,1.6,ECG200,ued,simple_cmp,0.72,628.3,27.21
GNB,1.6,TwoLeadECG,ued,simple_cmp,0.5136084284460053,666.37,2000.3
GNB,1.6,ECGFiveDays,ued,simple_cmp,0.5354239256678281,680.05,2623.57
GNB,1.6,ItalyPowerDemand,ued,simple_cmp,0.6783284742468416,639.18,505.41
GNB,1.6,SonyAIBORobotSurface2,ued,simple_cmp,0.5571878279118573,632.56,657.79
GNB,1.6,SonyAIBORobotSurface1,ued,simple_cmp,0.4708818635607322,620.27,468.16
GNB,1.6,Plane,ued,simple_cmp,0.5904761904761905,626.24,20.65
GNB,1.6,Trace,ued,simple_cmp,0.49,617.99,25.66
GNB,1.6,SmoothSubspace,ued,simple_cmp,0.4133333333333333,615.72,16.51
GNB,1.6,BME,ued,simple_cmp,0.4666666666666667,644.78,237.54
GNB,1.6,CBF,ued,simple_cmp,0.5233333333333333,664.68,1220.82
GNB,1.6,UMD,ued,simple_cmp,0.5972222222222222,638.87,156.06
GNB,1.6,SyntheticControl,ued,simple_cmp,0.4266666666666667,627.63,17.4
GNB,1.6,ShapeletSim,ued,simple_cmp,0.4833333333333333,658.88,501.28
GNB,1.6,Chinatown,ued,simple_cmp,0.760932944606414,604.41,49.41
GNB,1.6,ECG200,ued,cdf_cmp,0.67,609.99,25.31
GNB,1.6,TwoLeadECG,ued,cdf_cmp,0.5171202809482002,674.41,2570.92
GNB,1.6,ECGFiveDays,ued,cdf_cmp,0.4924506387921022,678.15,2255.78
GNB,1.6,ItalyPowerDemand,ued,cdf_cmp,0.5383867832847424,618.37,198.47
GNB,1.6,SonyAIBORobotSurface2,ued,cdf_cmp,0.5792235047219307,640.01,1504.11
GNB,1.6,SonyAIBORobotSurface1,ued,cdf_cmp,0.4941763727121464,626.41,679.28
GNB,1.6,Plane,ued,cdf_cmp,0.4666666666666667,610.27,22.94
GNB,1.6,Trace,ued,cdf_cmp,0.37,636.73,52.02
GNB,1.6,SmoothSubspace,ued,cdf_cmp,0.32,595.53,3.49
GNB,1.6,BME,ued,cdf_cmp,0.58,648.22,222.99
GNB,1.6,CBF,ued,cdf_cmp,0.5088888888888888,669.6,1315.87
GNB,1.6,UMD,ued,cdf_cmp,0.5069444444444444,628.99,113.22
GNB,1.6,SyntheticControl,ued,cdf_cmp,,,
GNB,1.6,ShapeletSim,ued,cdf_cmp,0.4944444444444445,646.37,459.89
GNB,1.6,Chinatown,ued,cdf_cmp,0.6064139941690962,607.83,138.39
GNB,1.6,ECG200,ued,interval_cmp,0.71,626.4,23.5
GNB,1.6,TwoLeadECG,ued,interval_cmp,0.4986830553116769,650.86,2061.48
GNB,1.6,ECGFiveDays,ued,interval_cmp,0.5354239256678281,689.38,2406.32
GNB,1.6,ItalyPowerDemand,ued,interval_cmp,0.6793002915451894,635.25,507.43
GNB,1.6,SonyAIBORobotSurface2,ued,interval_cmp,0.5603357817418678,630.52,692.03
GNB,1.6,SonyAIBORobotSurface1,ued,interval_cmp,0.4775374376039934,618.96,471.42
GNB,1.6,Plane,ued,interval_cmp,0.5904761904761905,617.73,23.3
GNB,1.6,Trace,ued,interval_cmp,0.49,638.92,26.64
GNB,1.6,SmoothSubspace,ued,interval_cmp,0.4066666666666667,613.73,19.51
GNB,1.6,BME,ued,interval_cmp,0.5133333333333333,646.96,212.58
GNB,1.6,CBF,ued,interval_cmp,0.5233333333333333,663.31,1413.25
GNB,1.6,UMD,ued,interval_cmp,0.6041666666666666,649.26,139.25
GNB,1.6,SyntheticControl,ued,interval_cmp,0.4266666666666667,614.8,15.23
GNB,1.6,ShapeletSim,ued,interval_cmp,0.4611111111111112,664.19,459.25
GNB,1.6,Chinatown,ued,interval_cmp,0.7696793002915452,605.04,66.49
GNB,1.6,ECG200,dust_uniform,simple_cmp,0.64,643.53,43.97
GNB,1.6,TwoLeadECG,dust_uniform,simple_cmp,0.5926251097453907,639.88,1332.86
GNB,1.6,ECGFiveDays,dust_uniform,simple_cmp,0.5888501742160279,690.24,1909.2
GNB,1.6,ItalyPowerDemand,dust_uniform,simple_cmp,0.6763848396501457,652.18,528.72
GNB,1.6,SonyAIBORobotSurface2,dust_uniform,simple_cmp,0.6621196222455404,635.87,955.34
GNB,1.6,SonyAIBORobotSurface1,dust_uniform,simple_cmp,0.4459234608985025,633.82,786.4
GNB,1.6,Plane,dust_uniform,simple_cmp,0.6,627.05,25.46
GNB,1.6,Trace,dust_uniform,simple_cmp,0.51,624.52,40.76
GNB,1.6,SmoothSubspace,dust_uniform,simple_cmp,0.44666666666666666,622.85,22.77
GNB,1.6,BME,dust_uniform,simple_cmp,0.4733333333333333,651.28,237.74
GNB,1.6,CBF,dust_uniform,simple_cmp,0.7722222222222223,651.97,990.34
GNB,1.6,UMD,dust_uniform,simple_cmp,0.5069444444444444,640.56,105.07
GNB,1.6,SyntheticControl,dust_uniform,simple_cmp,0.5166666666666667,623.07,31.11
GNB,1.6,ShapeletSim,dust_uniform,simple_cmp,0.4888888888888889,679.06,518.4
GNB,1.6,Chinatown,dust_uniform,simple_cmp,0.6880466472303207,610.03,119.71
GNB,1.6,ECG200,dust_normal,simple_cmp,0.69,625.13,28.24
GNB,1.6,TwoLeadECG,dust_normal,simple_cmp,0.6022827041264267,636.29,1177.91
GNB,1.6,ECGFiveDays,dust_normal,simple_cmp,0.6004645760743321,673.01,1874.53
GNB,1.6,ItalyPowerDemand,dust_normal,simple_cmp,0.6666666666666666,631.62,427.69
GNB,1.6,SonyAIBORobotSurface2,dust_normal,simple_cmp,0.6149003147953829,645.39,1011.53
GNB,1.6,SonyAIBORobotSurface1,dust_normal,simple_cmp,0.44093178036605657,635.42,673.59
GNB,1.6,Plane,dust_normal,simple_cmp,0.5142857142857142,624.46,19.38
GNB,1.6,Trace,dust_normal,simple_cmp,0.55,632.81,21.16
GNB,1.6,SmoothSubspace,dust_normal,simple_cmp,0.4666666666666667,614.47,18.99
GNB,1.6,BME,dust_normal,simple_cmp,0.4933333333333334,659.87,292.09
GNB,1.6,CBF,dust_normal,simple_cmp,0.7255555555555555,663.59,1043.45
GNB,1.6,UMD,dust_normal,simple_cmp,0.5277777777777778,630.73,99.93
GNB,1.6,SyntheticControl,dust_normal,simple_cmp,0.4566666666666666,612.77,14.09
GNB,1.6,ShapeletSim,dust_normal,simple_cmp,0.4944444444444445,654.21,439.8
GNB,1.6,Chinatown,dust_normal,simple_cmp,0.6880466472303207,613.63,138.39
GNB,1.6,ECG200,ed,simple_cmp,0.71,625.09,22.3
GNB,1.6,TwoLeadECG,ed,simple_cmp,0.4960491659350307,660.76,1745.2
GNB,1.6,ECGFiveDays,ed,simple_cmp,0.5331010452961672,672.29,2030.2
GNB,1.6,ItalyPowerDemand,ed,simple_cmp,0.7142857142857143,638.03,418.73
GNB,1.6,SonyAIBORobotSurface2,ed,simple_cmp,0.5687303252885625,626.0,602.89
GNB,1.6,SonyAIBORobotSurface1,ed,simple_cmp,0.4775374376039934,625.6,368.4
GNB,1.6,Plane,ed,simple_cmp,0.580952380952381,625.8,25.76
GNB,1.6,Trace,ed,simple_cmp,0.49,624.22,41.13
GNB,1.6,SmoothSubspace,ed,simple_cmp,0.4,619.92,22.83
GNB,1.6,BME,ed,simple_cmp,0.5133333333333333,643.47,179.3
GNB,1.6,CBF,ed,simple_cmp,0.5355555555555556,651.31,1106.91
GNB,1.6,UMD,ed,simple_cmp,0.5972222222222222,649.76,166.12
GNB,1.6,SyntheticControl,ed,simple_cmp,0.4966666666666666,616.99,16.6
GNB,1.6,ShapeletSim,ed,simple_cmp,0.4833333333333333,651.31,418.81
GNB,1.6,Chinatown,ed,simple_cmp,0.7580174927113703,603.83,45.94
GNB,1.6,ECG200,fots,simple_cmp,0.68,7403.39,344.59
GNB,1.6,TwoLeadECG,fots,simple_cmp,0.5109745390693591,7767.77,9433.28
GNB,1.6,ECGFiveDays,fots,simple_cmp,0.4819976771196283,8172.8,9330.4
GNB,1.6,ItalyPowerDemand,fots,simple_cmp,0.4927113702623906,7558.68,3365.16
GNB,1.6,SonyAIBORobotSurface2,fots,simple_cmp,0.5047219307450157,7727.74,7850.73
GNB,1.6,SonyAIBORobotSurface1,fots,simple_cmp,0.5341098169717138,7813.97,7891.06
GNB,1.6,Plane,fots,simple_cmp,0.2,7123.36,569.43
GNB,1.6,Trace,fots,simple_cmp,0.22,7416.34,1354.11
GNB,1.6,SmoothSubspace,fots,simple_cmp,0.38,7393.72,220.37
GNB,1.6,BME,fots,simple_cmp,0.3333333333333333,7759.24,2148.84
GNB,1.6,CBF,fots,simple_cmp,0.3533333333333333,7700.34,7162.76
GNB,1.6,UMD,fots,simple_cmp,0.375,7454.59,1280.53
GNB,1.6,SyntheticControl,fots,simple_cmp,0.26666666666666666,7414.44,505.22
GNB,1.6,ShapeletSim,fots,simple_cmp,0.5555555555555556,7582.52,10001.58
GNB,1.6,Chinatown,fots,simple_cmp,0.5451895043731778,7304.3,1360.34
GNB,1.8,ECG200,ued,simple_cmp,0.65,626.51,36.17
GNB,1.8,TwoLeadECG,ued,simple_cmp,0.5030728709394205,663.07,1749.61
GNB,1.8,ECGFiveDays,ued,simple_cmp,0.562137049941928,682.93,2600.75
GNB,1.8,ItalyPowerDemand,ued,simple_cmp,0.5724003887269193,641.9,538.57
GNB,1.8,SonyAIBORobotSurface2,ued,simple_cmp,0.6096537250786989,643.86,849.61
GNB,1.8,SonyAIBORobotSurface1,ued,simple_cmp,0.454242928452579,622.5,453.63
GNB,1.8,Plane,ued,simple_cmp,0.4952380952380953,616.88,23.02
GNB,1.8,Trace,ued,simple_cmp,0.42,619.51,29.45
GNB,1.8,SmoothSubspace,ued,simple_cmp,0.32,622.68,20.6
GNB,1.8,BME,ued,simple_cmp,0.4666666666666667,636.72,191.25
GNB,1.8,CBF,ued,simple_cmp,0.5877777777777777,652.0,1305.25
GNB,1.8,UMD,ued,simple_cmp,0.625,648.3,173.7
GNB,1.8,SyntheticControl,ued,simple_cmp,0.44333333333333336,613.58,13.79
GNB,1.8,ShapeletSim,ued,simple_cmp,0.4611111111111112,666.53,491.68
GNB,1.8,Chinatown,ued,simple_cmp,0.6793002915451894,605.7,52.77
GNB,1.8,ECG200,ued,cdf_cmp,0.76,621.11,15.7
GNB,1.8,TwoLeadECG,ued,cdf_cmp,0.5013169446883231,679.82,2991.09
GNB,1.8,ECGFiveDays,ued,cdf_cmp,0.5005807200929152,676.03,2467.72
GNB,1.8,ItalyPowerDemand,ued,cdf_cmp,0.6598639455782312,617.12,219.37
GNB,1.8,SonyAIBORobotSurface2,ued,cdf_cmp,0.6075550891920252,644.84,1356.45
GNB,1.8,SonyAIBORobotSurface1,ued,cdf_cmp,0.5690515806988353,641.32,821.06
GNB,1.8,Plane,ued,cdf_cmp,0.4190476190476191,609.91,25.46
GNB,1.8,Trace,ued,cdf_cmp,0.36,645.21,41.07
GNB,1.8,SmoothSubspace,ued,cdf_cmp,0.36,596.73,4.65
GNB,1.8,BME,ued,cdf_cmp,0.4066666666666667,648.53,192.87
GNB,1.8,CBF,ued,cdf_cmp,0.45,678.58,1441.62
GNB,1.8,UMD,ued,cdf_cmp,0.5763888888888888,639.91,161.9
GNB,1.8,SyntheticControl,ued,cdf_cmp,0.18,615.77,12.36
GNB,1.8,ShapeletSim,ued,cdf_cmp,0.4888888888888889,645.49,288.49
GNB,1.8,Chinatown,ued,cdf_cmp,0.6355685131195336,608.31,142.14
GNB,1.8,ECG200,ued,interval_cmp,0.72,628.02,29.67
GNB,1.8,TwoLeadECG,ued,interval_cmp,0.504828797190518,642.76,1578.81
GNB,1.8,ECGFiveDays,ued,interval_cmp,0.5435540069686411,703.76,2099.76
GNB,1.8,ItalyPowerDemand,ued,interval_cmp,0.5714285714285714,633.54,481.4
GNB,1.8,SonyAIBORobotSurface2,ued,interval_cmp,0.6054564533053515,633.8,840.88
GNB,1.8,SonyAIBORobotSurface1,ued,interval_cmp,0.4559068219633943,623.44,421.54
GNB,1.8,Plane,ued,interval_cmp,0.4952380952380953,613.55,15.91
GNB,1.8,Trace,ued,interval_cmp,0.42,615.38,27.76
GNB,1.8,SmoothSubspace,ued,interval_cmp,0.32,618.95,24.81
GNB,1.8,BME,ued,interval_cmp,0.4533333333333333,649.57,175.62
GNB,1.8,CBF,ued,interval_cmp,0.5855555555555556,665.26,1227.6
GNB,1.8,UMD,ued,interval_cmp,0.6111111111111112,637.78,171.24
GNB,1.8,SyntheticControl,ued,interval_cmp,0.4066666666666667,629.41,16.86
GNB,1.8,ShapeletSim,ued,interval_cmp,0.4611111111111112,658.76,512.18
GNB,1.8,Chinatown,ued,interval_cmp,0.6793002915451894,603.85,60.03
GNB,1.8,ECG200,dust_uniform,simple_cmp,0.68,640.1,46.96
GNB,1.8,TwoLeadECG,dust_uniform,simple_cmp,0.5987708516242318,646.99,1183.02
GNB,1.8,ECGFiveDays,dust_uniform,simple_cmp,0.5505226480836237,670.99,1869.95
GNB,1.8,ItalyPowerDemand,dust_uniform,simple_cmp,0.6637512147716229,639.13,571.65
GNB,1.8,SonyAIBORobotSurface2,dust_uniform,simple_cmp,0.6442812172088143,629.23,882.88
GNB,1.8,SonyAIBORobotSurface1,dust_uniform,simple_cmp,0.4525790349417637,636.35,571.58
GNB,1.8,Plane,dust_uniform,simple_cmp,0.4857142857142857,617.28,23.4
GNB,1.8,Trace,dust_uniform,simple_cmp,0.48,620.94,37.47
GNB,1.8,SmoothSubspace,dust_uniform,simple_cmp,0.4533333333333333,617.43,22.52
GNB,1.8,BME,dust_uniform,simple_cmp,0.44,652.68,276.31
GNB,1.8,CBF,dust_uniform,simple_cmp,0.7822222222222223,659.36,1015.65
GNB,1.8,UMD,dust_uniform,simple_cmp,0.4513888888888889,634.45,141.7
GNB,1.8,SyntheticControl,dust_uniform,simple_cmp,0.49,616.48,21.46
GNB,1.8,ShapeletSim,dust_uniform,simple_cmp,0.4888888888888889,657.04,359.26
GNB,1.8,Chinatown,dust_uniform,simple_cmp,0.6997084548104956,607.75,144.56
GNB,1.8,ECG200,dust_normal,simple_cmp,0.63,663.5,43.84
GNB,1.8,TwoLeadECG,dust_normal,simple_cmp,0.5961369622475856,650.64,1147.93
GNB,1.8,ECGFiveDays,dust_normal,simple_cmp,0.5598141695702671,669.02,2035.99
GNB,1.8,ItalyPowerDemand,dust_normal,simple_cmp,0.6491739552964043,630.63,423.61
GNB,1.8,SonyAIBORobotSurface2,dust_normal,simple_cmp,0.6159496327387198,639.49,835.94
GNB,1.8,SonyAIBORobotSurface1,dust_normal,simple_cmp,0.44093178036605657,633.13,581.29
GNB,1.8,Plane,dust_normal,simple_cmp,0.4476190476190477,625.16,26.57
GNB,1.8,Trace,dust_normal,simple_cmp,0.53,664.3,63.56
GNB,1.8,SmoothSubspace,dust_normal,simple_cmp,0.4733333333333333,622.1,31.25
GNB,1.8,BME,dust_normal,simple_cmp,0.5133333333333333,679.29,293.92
GNB,1.8,CBF,dust_normal,simple_cmp,0.7355555555555555,658.5,1009.56
GNB,1.8,UMD,dust_normal,simple_cmp,0.4652777777777778,632.41,120.82
GNB,1.8,SyntheticControl,dust_normal,simple_cmp,0.39,612.94,12.02
GNB,1.8,ShapeletSim,dust_normal,simple_cmp,0.55,666.96,501.96
GNB,1.8,Chinatown,dust_normal,simple_cmp,0.6822157434402333,607.74,122.39
GNB,1.8,ECG200,ed,simple_cmp,0.66,626.57,36.59
GNB,1.8,TwoLeadECG,ed,simple_cmp,0.5092186128182616,648.72,1577.36
GNB,1.8,ECGFiveDays,ed,simple_cmp,0.537746806039489,670.21,1924.32
GNB,1.8,ItalyPowerDemand,ed,simple_cmp,0.5685131195335277,639.13,446.21
GNB,1.8,SonyAIBORobotSurface2,ed,simple_cmp,0.6107030430220357,629.27,677.88
GNB,1.8,SonyAIBORobotSurface1,ed,simple_cmp,0.454242928452579,618.1,400.19
GNB,1.8,Plane,ed,simple_cmp,0.5523809523809524,623.53,23.33
GNB,1.8,Trace,ed,simple_cmp,0.42,635.12,25.21
GNB,1.8,SmoothSubspace,ed,simple_cmp,0.3133333333333333,620.78,17.63
GNB,1.8,BME,ed,simple_cmp,0.46,639.24,198.54
GNB,1.8,CBF,ed,simple_cmp,0.6066666666666667,657.28,1211.1
GNB,1.8,UMD,ed,simple_cmp,0.5694444444444444,638.46,159.9
GNB,1.8,SyntheticControl,ed,simple_cmp,0.46,616.46,16.76
GNB,1.8,ShapeletSim,ed,simple_cmp,0.4611111111111112,662.6,433.14
GNB,1.8,Chinatown,ed,simple_cmp,0.685131195335277,603.86,44.49
GNB,1.8,ECG200,fots,simple_cmp,0.71,7874.58,831.37
GNB,1.8,TwoLeadECG,fots,simple_cmp,0.5267778753292361,7765.41,9371.4
GNB,1.8,ECGFiveDays,fots,simple_cmp,0.5389082462253194,7806.7,8071.51
GNB,1.8,ItalyPowerDemand,fots,simple_cmp,0.5014577259475219,7614.41,3603.89
GNB,1.8,SonyAIBORobotSurface2,fots,simple_cmp,0.5823714585519413,7866.59,9086.2
GNB,1.8,SonyAIBORobotSurface1,fots,simple_cmp,0.4958402662229617,7766.86,7433.78
GNB,1.8,Plane,fots,simple_cmp,0.24761904761904766,7020.17,593.82
GNB,1.8,Trace,fots,simple_cmp,0.29,7865.65,1279.28
GNB,1.8,SmoothSubspace,fots,simple_cmp,0.2533333333333333,7389.41,208.01
GNB,1.8,BME,fots,simple_cmp,0.34,7665.8,2286.85
GNB,1.8,CBF,fots,simple_cmp,0.34,7820.16,7632.86
GNB,1.8,UMD,fots,simple_cmp,0.24305555555555555,7869.53,2125.37
GNB,1.8,SyntheticControl,fots,simple_cmp,0.2933333333333333,7358.5,448.08
GNB,1.8,ShapeletSim,fots,simple_cmp,0.4833333333333333,9418.41,8082.74
GNB,1.8,Chinatown,fots,simple_cmp,0.5451895043731778,7318.94,1839.48
GNB,2.0,ECG200,ued,simple_cmp,0.72,642.97,37.74
GNB,2.0,TwoLeadECG,ued,simple_cmp,0.5267778753292361,647.22,1657.99
GNB,2.0,ECGFiveDays,ued,simple_cmp,0.5934959349593496,691.21,2689.25
GNB,2.0,ItalyPowerDemand,ued,simple_cmp,0.5665694849368319,629.97,537.08
GNB,2.0,SonyAIBORobotSurface2,ued,simple_cmp,0.6138509968520461,643.21,904.8
GNB,2.0,SonyAIBORobotSurface1,ued,simple_cmp,0.4758735440931781,626.6,509.68
GNB,2.0,Plane,ued,simple_cmp,0.37142857142857133,632.0,36.17
GNB,2.0,Trace,ued,simple_cmp,0.46,627.18,29.83
GNB,2.0,SmoothSubspace,ued,simple_cmp,0.34,614.71,22.2
GNB,2.0,BME,ued,simple_cmp,0.4266666666666667,637.78,173.72
GNB,2.0,CBF,ued,simple_cmp,0.5422222222222223,662.82,1259.26
GNB,2.0,UMD,ued,simple_cmp,0.625,657.73,184.5
GNB,2.0,SyntheticControl,ued,simple_cmp,0.4033333333333333,613.77,15.92
GNB,2.0,ShapeletSim,ued,simple_cmp,0.45,645.88,442.52
GNB,2.0,Chinatown,ued,simple_cmp,0.6180758017492711,606.66,57.82
GNB,2.0,ECG200,ued,cdf_cmp,0.61,620.67,20.3
GNB,2.0,TwoLeadECG,ued,cdf_cmp,0.49517120280948207,665.03,2607.55
GNB,2.0,ECGFiveDays,ued,cdf_cmp,0.5249709639953543,685.56,2491.58
GNB,2.0,ItalyPowerDemand,ued,cdf_cmp,0.5160349854227405,620.5,248.75
GNB,2.0,SonyAIBORobotSurface2,ued,cdf_cmp,0.527806925498426,653.22,1542.55
GNB,2.0,SonyAIBORobotSurface1,ued,cdf_cmp,0.4708818635607322,631.91,892.72
GNB,2.0,Plane,ued,cdf_cmp,0.2,637.01,42.17
GNB,2.0,Trace,ued,cdf_cmp,0.34,596.83,28.53
GNB,2.0,SmoothSubspace,ued,cdf_cmp,0.32,600.28,4.26
GNB,2.0,BME,ued,cdf_cmp,0.4066666666666667,642.33,183.23
GNB,2.0,CBF,ued,cdf_cmp,0.4711111111111111,660.02,1288.86
GNB,2.0,UMD,ued,cdf_cmp,0.5069444444444444,642.76,153.22
GNB,2.0,SyntheticControl,ued,cdf_cmp,0.26666666666666666,601.95,8.54
GNB,2.0,ShapeletSim,ued,cdf_cmp,0.4833333333333333,655.8,480.04
GNB,2.0,Chinatown,ued,cdf_cmp,0.6268221574344023,607.91,142.02
GNB,2.0,ECG200,ued,interval_cmp,0.74,640.29,35.87
GNB,2.0,TwoLeadECG,ued,interval_cmp,0.5100965759438104,658.2,1803.46
GNB,2.0,ECGFiveDays,ued,interval_cmp,0.5958188153310104,686.27,2380.59
GNB,2.0,ItalyPowerDemand,ued,interval_cmp,0.5539358600583091,647.79,453.71
GNB,2.0,SonyAIBORobotSurface2,ued,interval_cmp,0.621196222455404,647.72,1023.84
GNB,2.0,SonyAIBORobotSurface1,ued,interval_cmp,0.4758735440931781,622.81,542.54
GNB,2.0,Plane,ued,interval_cmp,0.37142857142857133,638.65,37.83
GNB,2.0,Trace,ued,interval_cmp,0.46,629.12,34.83
GNB,2.0,SmoothSubspace,ued,interval_cmp,0.3333333333333333,614.78,14.41
GNB,2.0,BME,ued,interval_cmp,0.4733333333333333,641.78,207.79
GNB,2.0,CBF,ued,interval_cmp,0.5222222222222223,670.8,1468.59
GNB,2.0,UMD,ued,interval_cmp,0.6666666666666666,656.6,210.37
GNB,2.0,SyntheticControl,ued,interval_cmp,0.4033333333333333,611.97,15.96
GNB,2.0,ShapeletSim,ued,interval_cmp,0.4555555555555556,657.92,555.3
GNB,2.0,Chinatown,ued,interval_cmp,0.6180758017492711,603.92,56.53
GNB,2.0,ECG200,dust_uniform,simple_cmp,0.67,648.6,45.24
GNB,2.0,TwoLeadECG,dust_uniform,simple_cmp,0.5794556628621598,650.85,1099.54
GNB,2.0,ECGFiveDays,dust_uniform,simple_cmp,0.5679442508710801,678.69,1801.25
GNB,2.0,ItalyPowerDemand,dust_uniform,simple_cmp,0.6375121477162293,637.77,476.2
GNB,2.0,SonyAIBORobotSurface2,dust_uniform,simple_cmp,0.6421825813221406,642.96,885.64
GNB,2.0,SonyAIBORobotSurface1,dust_uniform,simple_cmp,0.4509151414309484,637.78,622.02
GNB,2.0,Plane,dust_uniform,simple_cmp,0.4761904761904762,619.8,19.44
GNB,2.0,Trace,dust_uniform,simple_cmp,0.44,607.33,16.36
GNB,2.0,SmoothSubspace,dust_uniform,simple_cmp,0.4066666666666667,621.57,17.6
GNB,2.0,BME,dust_uniform,simple_cmp,0.46,670.33,337.09
GNB,2.0,CBF,dust_uniform,simple_cmp,0.6977777777777778,651.93,1069.31
GNB,2.0,UMD,dust_uniform,simple_cmp,0.4027777777777778,633.41,134.52
GNB,2.0,SyntheticControl,dust_uniform,simple_cmp,0.4666666666666667,614.74,16.12
GNB,2.0,ShapeletSim,dust_uniform,simple_cmp,0.4722222222222222,652.7,385.15
GNB,2.0,Chinatown,dust_uniform,simple_cmp,0.6938775510204082,608.09,110.05
GNB,2.0,ECG200,dust_normal,simple_cmp,0.5,651.76,47.92
GNB,2.0,TwoLeadECG,dust_normal,simple_cmp,0.5873573309920983,637.48,967.75
GNB,2.0,ECGFiveDays,dust_normal,simple_cmp,0.5818815331010453,679.22,2024.36
GNB,2.0,ItalyPowerDemand,dust_normal,simple_cmp,0.6268221574344023,628.49,393.76
GNB,2.0,SonyAIBORobotSurface2,dust_normal,simple_cmp,0.5718782791185729,629.79,851.7
GNB,2.0,SonyAIBORobotSurface1,dust_normal,simple_cmp,0.4525790349417637,621.49,462.89
GNB,2.0,Plane,dust_normal,simple_cmp,0.3904761904761905,625.99,18.63
GNB,2.0,Trace,dust_normal,simple_cmp,0.48,641.52,38.23
GNB,2.0,SmoothSubspace,dust_normal,simple_cmp,0.44666666666666666,627.09,17.01
GNB,2.0,BME,dust_normal,simple_cmp,0.42,658.86,235.38
GNB,2.0,CBF,dust_normal,simple_cmp,0.6866666666666666,672.26,846.33
GNB,2.0,UMD,dust_normal,simple_cmp,0.4791666666666667,636.87,132.59
GNB,2.0,SyntheticControl,dust_normal,simple_cmp,0.4066666666666667,607.13,16.79
GNB,2.0,ShapeletSim,dust_normal,simple_cmp,0.4888888888888889,658.24,454.51
GNB,2.0,Chinatown,dust_normal,simple_cmp,0.6822157434402333,612.55,142.6
GNB,2.0,ECG200,ed,simple_cmp,0.72,639.61,35.93
GNB,2.0,TwoLeadECG,ed,simple_cmp,0.5153643546971027,655.07,1546.1
GNB,2.0,ECGFiveDays,ed,simple_cmp,0.5830429732868757,671.78,2013.73
GNB,2.0,ItalyPowerDemand,ed,simple_cmp,0.5539358600583091,646.53,504.71
GNB,2.0,SonyAIBORobotSurface2,ed,simple_cmp,0.6065057712486883,632.34,640.83
GNB,2.0,SonyAIBORobotSurface1,ed,simple_cmp,0.4758735440931781,629.28,423.62
GNB,2.0,Plane,ed,simple_cmp,0.37142857142857133,625.88,31.1
GNB,2.0,Trace,ed,simple_cmp,0.46,639.81,40.97
GNB,2.0,SmoothSubspace,ed,simple_cmp,0.34,612.17,17.48
GNB,2.0,BME,ed,simple_cmp,0.44,656.16,166.82
GNB,2.0,CBF,ed,simple_cmp,0.5733333333333334,659.45,1194.87
GNB,2.0,UMD,ed,simple_cmp,0.625,646.68,144.71
GNB,2.0,SyntheticControl,ed,simple_cmp,0.43,617.78,17.91
GNB,2.0,ShapeletSim,ed,simple_cmp,0.4444444444444444,661.69,368.31
GNB,2.0,Chinatown,ed,simple_cmp,0.6180758017492711,603.86,42.48
GNB,2.0,ECG200,fots,simple_cmp,0.72,7934.12,623.23
GNB,2.0,TwoLeadECG,fots,simple_cmp,0.5285338015803336,7762.64,8680.34
GNB,2.0,ECGFiveDays,fots,simple_cmp,0.5342624854819977,7683.52,7555.55
GNB,2.0,ItalyPowerDemand,fots,simple_cmp,0.5102040816326531,7669.41,4153.36
GNB,2.0,SonyAIBORobotSurface2,fots,simple_cmp,0.4774396642182581,7804.45,8270.99
GNB,2.0,SonyAIBORobotSurface1,fots,simple_cmp,0.5008319467554077,7801.74,7833.85
GNB,2.0,Plane,fots,simple_cmp,0.19047619047619047,7082.58,630.59
GNB,2.0,Trace,fots,simple_cmp,0.19,7144.73,956.76
GNB,2.0,SmoothSubspace,fots,simple_cmp,0.32,7466.0,277.29
GNB,2.0,BME,fots,simple_cmp,0.3,7676.67,1700.6
GNB,2.0,CBF,fots,simple_cmp,0.3466666666666667,7739.17,7443.32
GNB,2.0,UMD,fots,simple_cmp,0.3402777777777778,7809.39,1982.53
GNB,2.0,SyntheticControl,fots,simple_cmp,0.26666666666666666,7429.05,494.19
GNB,2.0,ShapeletSim,fots,simple_cmp,0.5388888888888889,9443.3,7468.24
GNB,2.0,Chinatown,fots,simple_cmp,0.4314868804664723,7303.2,1402.83
UGNB,0.1,ECG200,ued,simple_cmp,0.8,635.82,36.76
UGNB,0.1,TwoLeadECG,ued,simple_cmp,0.9964881474978052,651.3,1093.41
UGNB,0.1,ECGFiveDays,ued,simple_cmp,0.989547038327526,656.65,1382.04
UGNB,0.1,ItalyPowerDemand,ued,simple_cmp,0.9601554907677357,623.84,370.67
UGNB,0.1,SonyAIBORobotSurface2,ued,simple_cmp,0.8467995802728226,634.01,680.06
UGNB,0.1,SonyAIBORobotSurface1,ued,simple_cmp,0.9683860232945092,619.25,489.65
UGNB,0.1,Plane,ued,simple_cmp,0.9904761904761904,632.34,34.05
UGNB,0.1,Trace,ued,simple_cmp,0.89,620.55,32.43
UGNB,0.1,SmoothSubspace,ued,simple_cmp,0.9,624.29,23.22
UGNB,0.1,BME,ued,simple_cmp,0.7466666666666667,639.69,209.2
UGNB,0.1,CBF,ued,simple_cmp,0.9777777777777776,649.58,1061.65
UGNB,0.1,UMD,ued,simple_cmp,0.9861111111111112,640.26,217.5
UGNB,0.1,SyntheticControl,ued,simple_cmp,0.8166666666666667,614.17,19.82
UGNB,0.1,ShapeletSim,ued,simple_cmp,0.95,650.86,474.15
UGNB,0.1,Chinatown,ued,simple_cmp,0.9620991253644317,604.85,51.53
UGNB,0.1,ECG200,ued,cdf_cmp,0.77,603.58,16.98
UGNB,0.1,TwoLeadECG,ued,cdf_cmp,0.8779631255487269,653.24,1615.95
UGNB,0.1,ECGFiveDays,ued,cdf_cmp,0.9732868757259,662.21,1507.89
UGNB,0.1,ItalyPowerDemand,ued,cdf_cmp,0.9523809523809524,613.28,167.12
UGNB,0.1,SonyAIBORobotSurface2,ued,cdf_cmp,0.8457502623294858,637.28,1134.88
UGNB,0.1,SonyAIBORobotSurface1,ued,cdf_cmp,0.966722129783694,636.61,776.54
UGNB,0.1,Plane,ued,cdf_cmp,0.9809523809523808,649.91,65.76
UGNB,0.1,Trace,ued,cdf_cmp,0.89,661.12,51.12
UGNB,0.1,SmoothSubspace,ued,cdf_cmp,0.7666666666666667,598.43,6.85
UGNB,0.1,BME,ued,cdf_cmp,0.6866666666666666,657.3,269.87
UGNB,0.1,CBF,ued,cdf_cmp,0.9744444444444444,643.94,912.99
UGNB,0.1,UMD,ued,cdf_cmp,0.8888888888888888,634.45,151.23
UGNB,0.1,SyntheticControl,ued,cdf_cmp,0.4233333333333333,600.19,6.85
UGNB,0.1,ShapeletSim,ued,cdf_cmp,0.9666666666666668,662.21,444.84
UGNB,0.1,Chinatown,ued,cdf_cmp,0.97667638483965,606.88,87.93
UGNB,0.1,ECG200,ued,interval_cmp,0.77,640.42,39.28
UGNB,0.1,TwoLeadECG,ued,interval_cmp,0.9973661106233538,635.98,994.15
UGNB,0.1,ECGFiveDays,ued,interval_cmp,0.9907084785133564,682.0,1297.54
UGNB,0.1,ItalyPowerDemand,ued,interval_cmp,0.9630709426627794,628.96,354.96
UGNB,0.1,SonyAIBORobotSurface2,ued,interval_cmp,0.8551941238195173,634.29,724.75
UGNB,0.1,SonyAIBORobotSurface1,ued,interval_cmp,0.966722129783694,627.69,519.93
UGNB,0.1,Plane,ued,interval_cmp,0.9904761904761904,637.78,43.93
UGNB,0.1,Trace,ued,interval_cmp,0.91,631.75,30.83
UGNB,0.1,SmoothSubspace,ued,interval_cmp,0.9066666666666666,632.88,21.19
UGNB,0.1,BME,ued,interval_cmp,0.8066666666666666,640.9,227.9
UGNB,0.1,CBF,ued,interval_cmp,0.9755555555555556,656.46,751.27
UGNB,0.1,UMD,ued,interval_cmp,0.9930555555555556,644.19,183.41
UGNB,0.1,SyntheticControl,ued,interval_cmp,0.86,618.72,21.9
UGNB,0.1,ShapeletSim,ued,interval_cmp,0.9666666666666668,635.62,340.64
UGNB,0.1,Chinatown,ued,interval_cmp,0.9620991253644317,605.28,45.48
UGNB,0.4,ECG200,ued,simple_cmp,0.79,630.93,22.01
UGNB,0.4,TwoLeadECG,ued,simple_cmp,0.7831431079894644,639.52,1165.02
UGNB,0.4,ECGFiveDays,ued,simple_cmp,0.9430894308943092,654.21,1664.62
UGNB,0.4,ItalyPowerDemand,ued,simple_cmp,0.9378036929057336,633.01,380.26
UGNB,0.4,SonyAIBORobotSurface2,ued,simple_cmp,0.8205666316894019,628.73,611.33
UGNB,0.4,SonyAIBORobotSurface1,ued,simple_cmp,0.9234608985024958,627.17,426.61
UGNB,0.4,Plane,ued,simple_cmp,0.9333333333333332,637.91,45.76
UGNB,0.4,Trace,ued,simple_cmp,0.71,635.61,30.34
UGNB,0.4,SmoothSubspace,ued,simple_cmp,0.8266666666666667,619.79,22.53
UGNB,0.4,BME,ued,simple_cmp,0.7333333333333333,656.12,257.88
UGNB,0.4,CBF,ued,simple_cmp,0.9566666666666668,667.53,1307.33
UGNB,0.4,UMD,ued,simple_cmp,0.9236111111111112,653.73,149.36
UGNB,0.4,SyntheticControl,ued,simple_cmp,0.9033333333333332,626.28,21.93
UGNB,0.4,ShapeletSim,ued,simple_cmp,0.9555555555555556,672.81,491.81
UGNB,0.4,Chinatown,ued,simple_cmp,0.97667638483965,605.65,59.46
UGNB,0.4,ECG200,ued,cdf_cmp,0.78,617.54,23.2
UGNB,0.4,TwoLeadECG,ued,cdf_cmp,0.8191395961369623,656.52,1703.72
UGNB,0.4,ECGFiveDays,ued,cdf_cmp,0.7375145180023229,680.47,1470.77
UGNB,0.4,ItalyPowerDemand,ued,cdf_cmp,0.9203109815354712,620.01,180.02
UGNB,0.4,SonyAIBORobotSurface2,ued,cdf_cmp,0.7911857292759706,629.83,948.45
UGNB,0.4,SonyAIBORobotSurface1,ued,cdf_cmp,0.908485856905158,631.14,733.48
UGNB,0.4,Plane,ued,cdf_cmp,0.9333333333333332,643.29,47.52
UGNB,0.4,Trace,ued,cdf_cmp,0.87,651.25,53.69
UGNB,0.4,SmoothSubspace,ued,cdf_cmp,0.6266666666666667,594.86,3.25
UGNB,0.4,BME,ued,cdf_cmp,0.6266666666666667,661.69,291.72
UGNB,0.4,CBF,ued,cdf_cmp,0.9188888888888888,656.95,1121.56
UGNB,0.4,UMD,ued,cdf_cmp,0.7430555555555556,639.46,173.54
UGNB,0.4,SyntheticControl,ued,cdf_cmp,0.29,590.29,10.71
UGNB,0.4,ShapeletSim,ued,cdf_cmp,0.9111111111111112,645.78,409.25
UGNB,0.4,Chinatown,ued,cdf_cmp,0.9737609329446064,605.04,83.49
UGNB,0.4,ECG200,ued,interval_cmp,0.81,614.53,24.13
UGNB,0.4,TwoLeadECG,ued,interval_cmp,0.8050921861281826,647.86,1106.01
UGNB,0.4,ECGFiveDays,ued,interval_cmp,0.9454123112659698,664.37,1517.32
UGNB,0.4,ItalyPowerDemand,ued,interval_cmp,0.9416909620991254,636.84,354.93
UGNB,0.4,SonyAIBORobotSurface2,ued,interval_cmp,0.8100734522560336,623.72,535.06
UGNB,0.4,SonyAIBORobotSurface1,ued,interval_cmp,0.9234608985024958,617.91,394.98
UGNB,0.4,Plane,ued,interval_cmp,0.9333333333333332,639.23,40.34
UGNB,0.4,Trace,ued,interval_cmp,0.71,616.64,27.62
UGNB,0.4,SmoothSubspace,ued,interval_cmp,0.8333333333333334,617.4,17.61
UGNB,0.4,BME,ued,interval_cmp,0.7333333333333333,641.13,191.78
UGNB,0.4,CBF,ued,interval_cmp,0.9544444444444444,660.12,975.22
UGNB,0.4,UMD,ued,interval_cmp,0.9513888888888888,640.83,145.61
UGNB,0.4,SyntheticControl,ued,interval_cmp,0.9133333333333332,621.51,23.43
UGNB,0.4,ShapeletSim,ued,interval_cmp,0.95,649.09,408.94
UGNB,0.4,Chinatown,ued,interval_cmp,0.979591836734694,604.97,40.51
UGNB,0.6,ECG200,ued,simple_cmp,0.78,627.75,19.06
UGNB,0.6,TwoLeadECG,ued,simple_cmp,0.6856892010535558,645.16,1249.34
UGNB,0.6,ECGFiveDays,ued,simple_cmp,0.7758420441347271,674.23,1936.74
UGNB,0.6,ItalyPowerDemand,ued,simple_cmp,0.9203109815354712,627.4,376.41
UGNB,0.6,SonyAIBORobotSurface2,ued,simple_cmp,0.8268625393494229,625.76,648.45
UGNB,0.6,SonyAIBORobotSurface1,ued,simple_cmp,0.8801996672212978,620.1,416.91
UGNB,0.6,Plane,ued,simple_cmp,0.961904761904762,618.42,26.22
UGNB,0.6,Trace,ued,simple_cmp,0.87,634.05,32.82
UGNB,0.6,SmoothSubspace,ued,simple_cmp,0.76,619.64,17.7
UGNB,0.6,BME,ued,simple_cmp,0.7066666666666667,642.33,257.23
UGNB,0.6,CBF,ued,simple_cmp,0.9388888888888888,656.82,1166.64
UGNB,0.6,UMD,ued,simple_cmp,0.9097222222222222,653.15,185.01
UGNB,0.6,SyntheticControl,ued,simple_cmp,0.6766666666666666,618.61,26.74
UGNB,0.6,ShapeletSim,ued,simple_cmp,0.6333333333333333,653.48,499.84
UGNB,0.6,Chinatown,ued,simple_cmp,0.9300291545189504,607.47,93.99
UGNB,0.6,ECG200,ued,cdf_cmp,0.82,608.39,19.17
UGNB,0.6,TwoLeadECG,ued,cdf_cmp,0.6865671641791045,662.15,1858.86
UGNB,0.6,ECGFiveDays,ued,cdf_cmp,0.6329849012775842,686.77,1853.95
UGNB,0.6,ItalyPowerDemand,ued,cdf_cmp,0.912536443148688,617.28,210.73
UGNB,0.6,SonyAIBORobotSurface2,ued,cdf_cmp,0.7628541448058762,638.1,996.29
UGNB,0.6,SonyAIBORobotSurface1,ued,cdf_cmp,0.8535773710482529,629.19,813.17
UGNB,0.6,Plane,ued,cdf_cmp,0.8476190476190476,612.7,20.65
UGNB,0.6,Trace,ued,cdf_cmp,0.63,646.85,47.77
UGNB,0.6,SmoothSubspace,ued,cdf_cmp,0.5866666666666667,602.95,5.58
UGNB,0.6,BME,ued,cdf_cmp,0.64,662.19,309.13
UGNB,0.6,CBF,ued,cdf_cmp,0.8833333333333333,662.03,1314.6
UGNB,0.6,UMD,ued,cdf_cmp,0.7916666666666666,627.06,125.69
UGNB,0.6,SyntheticControl,ued,cdf_cmp,0.21,593.66,11.29
UGNB,0.6,ShapeletSim,ued,cdf_cmp,0.4944444444444445,645.35,440.8
UGNB,0.6,Chinatown,ued,cdf_cmp,0.9096209912536444,612.24,146.33
UGNB,0.6,ECG200,ued,interval_cmp,0.82,616.58,17.01
UGNB,0.6,TwoLeadECG,ued,interval_cmp,0.7085162423178226,656.49,1209.58
UGNB,0.6,ECGFiveDays,ued,interval_cmp,0.7967479674796748,666.11,1782.99
UGNB,0.6,ItalyPowerDemand,ued,interval_cmp,0.9212827988338192,630.42,387.18
UGNB,0.6,SonyAIBORobotSurface2,ued,interval_cmp,0.8268625393494229,632.24,566.58
UGNB,0.6,SonyAIBORobotSurface1,ued,interval_cmp,0.8885191347753744,620.67,451.21
UGNB,0.6,Plane,ued,interval_cmp,0.961904761904762,619.2,34.87
UGNB,0.6,Trace,ued,interval_cmp,0.87,623.66,27.71
UGNB,0.6,SmoothSubspace,ued,interval_cmp,0.78,622.95,29.69
UGNB,0.6,BME,ued,interval_cmp,0.7066666666666667,655.83,212.07
UGNB,0.6,CBF,ued,interval_cmp,0.9355555555555556,660.72,849.31
UGNB,0.6,UMD,ued,interval_cmp,0.9097222222222222,641.82,142.79
UGNB,0.6,SyntheticControl,ued,interval_cmp,0.7466666666666667,615.42,20.47
UGNB,0.6,ShapeletSim,ued,interval_cmp,0.6666666666666666,661.6,418.36
UGNB,0.6,Chinatown,ued,interval_cmp,0.9271137026239068,604.6,54.53
UGNB,0.8,ECG200,ued,simple_cmp,0.78,624.61,31.08
UGNB,0.8,TwoLeadECG,ued,simple_cmp,0.6575943810359964,639.48,1315.08
UGNB,0.8,ECGFiveDays,ued,simple_cmp,0.6957026713124274,680.52,2026.11
UGNB,0.8,ItalyPowerDemand,ued,simple_cmp,0.8843537414965986,626.88,375.64
UGNB,0.8,SonyAIBORobotSurface2,ued,simple_cmp,0.7985309548793285,635.99,778.12
UGNB,0.8,SonyAIBORobotSurface1,ued,simple_cmp,0.8186356073211315,623.75,427.56
UGNB,0.8,Plane,ued,simple_cmp,0.8761904761904762,615.86,29.46
UGNB,0.8,Trace,ued,simple_cmp,0.76,623.49,35.0
UGNB,0.8,SmoothSubspace,ued,simple_cmp,0.6733333333333333,616.82,19.43
UGNB,0.8,BME,ued,simple_cmp,0.6733333333333333,655.27,213.54
UGNB,0.8,CBF,ued,simple_cmp,0.9188888888888888,649.61,1058.82
UGNB,0.8,UMD,ued,simple_cmp,0.8819444444444444,652.45,189.47
UGNB,0.8,SyntheticControl,ued,simple_cmp,0.7366666666666667,618.43,27.32
UGNB,0.8,ShapeletSim,ued,simple_cmp,0.6277777777777778,688.61,687.43
UGNB,0.8,Chinatown,ued,simple_cmp,0.9183673469387756,604.16,67.27
UGNB,0.8,ECG200,ued,cdf_cmp,0.78,611.03,16.7
UGNB,0.8,TwoLeadECG,ued,cdf_cmp,0.6180860403863038,648.43,2102.85
UGNB,0.8,ECGFiveDays,ued,cdf_cmp,0.5435540069686411,693.19,1935.15
UGNB,0.8,ItalyPowerDemand,ued,cdf_cmp,0.8707482993197279,611.91,180.8
UGNB,0.8,SonyAIBORobotSurface2,ued,cdf_cmp,0.7869884575026233,655.65,1108.18
UGNB,0.8,SonyAIBORobotSurface1,ued,cdf_cmp,0.8236272878535774,628.04,623.67
UGNB,0.8,Plane,ued,cdf_cmp,0.8285714285714286,627.18,33.08
UGNB,0.8,Trace,ued,cdf_cmp,0.55,610.09,34.06
UGNB,0.8,SmoothSubspace,ued,cdf_cmp,0.5866666666666667,604.9,5.68
UGNB,0.8,BME,ued,cdf_cmp,0.4666666666666667,652.72,267.07
UGNB,0.8,CBF,ued,cdf_cmp,0.7988888888888889,651.46,1256.86
UGNB,0.8,UMD,ued,cdf_cmp,0.7986111111111112,644.79,164.13
UGNB,0.8,SyntheticControl,ued,cdf_cmp,0.17333333333333334,580.74,6.01
UGNB,0.8,ShapeletSim,ued,cdf_cmp,0.5277777777777778,666.93,534.54
UGNB,0.8,Chinatown,ued,cdf_cmp,0.8746355685131195,608.17,136.19
UGNB,0.8,ECG200,ued,interval_cmp,0.78,625.04,26.62
UGNB,0.8,TwoLeadECG,ued,interval_cmp,0.6374012291483757,652.97,1267.74
UGNB,0.8,ECGFiveDays,ued,interval_cmp,0.6713124274099884,687.28,1842.9
UGNB,0.8,ItalyPowerDemand,ued,interval_cmp,0.8775510204081632,631.48,328.44
UGNB,0.8,SonyAIBORobotSurface2,ued,interval_cmp,0.7974816369359916,640.8,708.58
UGNB,0.8,SonyAIBORobotSurface1,ued,interval_cmp,0.8186356073211315,624.74,412.74
UGNB,0.8,Plane,ued,interval_cmp,0.8285714285714286,629.42,31.97
UGNB,0.8,Trace,ued,interval_cmp,0.76,614.02,39.7
UGNB,0.8,SmoothSubspace,ued,interval_cmp,0.6733333333333333,620.06,18.17
UGNB,0.8,BME,ued,interval_cmp,0.5933333333333334,640.61,186.36
UGNB,0.8,CBF,ued,interval_cmp,0.9188888888888888,642.17,848.83
UGNB,0.8,UMD,ued,interval_cmp,0.875,648.55,170.51
UGNB,0.8,SyntheticControl,ued,interval_cmp,0.7366666666666667,620.28,19.29
UGNB,0.8,ShapeletSim,ued,interval_cmp,0.5944444444444444,676.31,532.91
UGNB,0.8,Chinatown,ued,interval_cmp,0.9212827988338192,605.4,48.27
UGNB,1.0,ECG200,ued,simple_cmp,0.8,640.12,31.07
UGNB,1.0,TwoLeadECG,ued,simple_cmp,0.5847234416154522,641.87,1418.07
UGNB,1.0,ECGFiveDays,ued,simple_cmp,0.6666666666666666,673.26,2280.21
UGNB,1.0,ItalyPowerDemand,ued,simple_cmp,0.847424684159378,631.18,383.69
UGNB,1.0,SonyAIBORobotSurface2,ued,simple_cmp,0.7334732423924449,625.1,612.91
UGNB,1.0,SonyAIBORobotSurface1,ued,simple_cmp,0.7587354409317804,620.72,448.3
UGNB,1.0,Plane,ued,simple_cmp,0.8,614.2,14.85
UGNB,1.0,Trace,ued,simple_cmp,0.72,645.89,42.13
UGNB,1.0,SmoothSubspace,ued,simple_cmp,0.6133333333333333,614.42,15.24
UGNB,1.0,BME,ued,simple_cmp,0.6266666666666667,652.27,245.05
UGNB,1.0,CBF,ued,simple_cmp,0.8888888888888888,671.98,1341.33
UGNB,1.0,UMD,ued,simple_cmp,0.8611111111111112,649.96,137.83
UGNB,1.0,SyntheticControl,ued,simple_cmp,0.6566666666666666,631.86,25.4
UGNB,1.0,ShapeletSim,ued,simple_cmp,0.6055555555555555,660.57,503.3
UGNB,1.0,Chinatown,ued,simple_cmp,0.9037900874635568,605.55,58.47
UGNB,1.0,ECG200,ued,cdf_cmp,0.75,618.9,27.0
UGNB,1.0,TwoLeadECG,ued,cdf_cmp,0.5847234416154522,674.37,2068.7
UGNB,1.0,ECGFiveDays,ued,cdf_cmp,0.5876887340301974,684.75,2138.77
UGNB,1.0,ItalyPowerDemand,ued,cdf_cmp,0.8532555879494655,619.88,226.62
UGNB,1.0,SonyAIBORobotSurface2,ued,cdf_cmp,0.7376705141657922,641.44,1020.48
UGNB,1.0,SonyAIBORobotSurface1,ued,cdf_cmp,0.7670549084858569,623.1,655.79
UGNB,1.0,Plane,ued,cdf_cmp,0.7238095238095238,629.26,30.79
UGNB,1.0,Trace,ued,cdf_cmp,0.45,613.71,28.33
UGNB,1.0,SmoothSubspace,ued,cdf_cmp,0.56,600.05,3.23
UGNB,1.0,BME,ued,cdf_cmp,0.5133333333333333,637.21,213.48
UGNB,1.0,CBF,ued,cdf_cmp,0.8011111111111111,653.33,1295.23
UGNB,1.0,UMD,ued,cdf_cmp,0.7013888888888888,658.38,191.49
UGNB,1.0,SyntheticControl,ued,cdf_cmp,0.3466666666666667,593.07,15.68
UGNB,1.0,ShapeletSim,ued,cdf_cmp,0.5444444444444444,662.09,496.87
UGNB,1.0,Chinatown,ued,cdf_cmp,0.8396501457725948,607.26,141.53
UGNB,1.0,ECG200,ued,interval_cmp,0.78,617.91,24.23
UGNB,1.0,TwoLeadECG,ued,interval_cmp,0.5847234416154522,650.89,1262.91
UGNB,1.0,ECGFiveDays,ued,interval_cmp,0.6608594657375145,687.03,1821.04
UGNB,1.0,ItalyPowerDemand,ued,interval_cmp,0.8522837706511176,636.2,352.89
UGNB,1.0,SonyAIBORobotSurface2,ued,interval_cmp,0.7429171038824763,624.41,579.18
UGNB,1.0,SonyAIBORobotSurface1,ued,interval_cmp,0.7637271214642263,622.68,334.69
UGNB,1.0,Plane,ued,interval_cmp,0.8285714285714286,628.94,35.69
UGNB,1.0,Trace,ued,interval_cmp,0.72,616.4,25.24
UGNB,1.0,SmoothSubspace,ued,interval_cmp,0.62,624.47,23.88
UGNB,1.0,BME,ued,interval_cmp,0.5866666666666667,648.72,169.23
UGNB,1.0,CBF,ued,interval_cmp,0.8911111111111111,674.82,979.34
UGNB,1.0,UMD,ued,interval_cmp,0.8611111111111112,638.12,123.78
UGNB,1.0,SyntheticControl,ued,interval_cmp,0.64,619.63,19.14
UGNB,1.0,ShapeletSim,ued,interval_cmp,0.6055555555555555,665.97,421.24
UGNB,1.0,Chinatown,ued,interval_cmp,0.8979591836734694,603.81,49.4
UGNB,1.2,ECG200,ued,simple_cmp,0.8,623.71,20.2
UGNB,1.2,TwoLeadECG,ued,simple_cmp,0.5390693590869183,654.39,1613.98
UGNB,1.2,ECGFiveDays,ued,simple_cmp,0.6236933797909407,681.77,2340.37
UGNB,1.2,ItalyPowerDemand,ued,simple_cmp,0.7725947521865889,640.26,469.14
UGNB,1.2,SonyAIBORobotSurface2,ued,simple_cmp,0.7303252885624344,630.94,705.27
UGNB,1.2,SonyAIBORobotSurface1,ued,simple_cmp,0.7470881863560732,620.34,435.18
UGNB,1.2,Plane,ued,simple_cmp,0.7714285714285715,627.19,24.69
UGNB,1.2,Trace,ued,simple_cmp,0.68,630.02,26.94
UGNB,1.2,SmoothSubspace,ued,simple_cmp,0.6133333333333333,623.37,21.41
UGNB,1.2,BME,ued,simple_cmp,0.62,634.99,166.35
UGNB,1.2,CBF,ued,simple_cmp,0.74,661.44,1079.68
UGNB,1.2,UMD,ued,simple_cmp,0.8402777777777778,640.56,186.41
UGNB,1.2,SyntheticControl,ued,simple_cmp,0.61,619.96,20.27
UGNB,1.2,ShapeletSim,ued,simple_cmp,0.5055555555555555,667.82,535.12
UGNB,1.2,Chinatown,ued,simple_cmp,0.8600583090379009,604.47,74.35
UGNB,1.2,ECG200,ued,cdf_cmp,0.77,611.39,22.89
UGNB,1.2,TwoLeadECG,ued,cdf_cmp,0.52414398595259,677.03,2135.15
UGNB,1.2,ECGFiveDays,ued,cdf_cmp,0.6190476190476191,702.13,2397.74
UGNB,1.2,ItalyPowerDemand,ued,cdf_cmp,0.793974732750243,619.13,232.27
UGNB,1.2,SonyAIBORobotSurface2,ued,cdf_cmp,0.7471143756558237,637.91,1131.34
UGNB,1.2,SonyAIBORobotSurface1,ued,cdf_cmp,0.7188019966722131,625.59,774.39
UGNB,1.2,Plane,ued,cdf_cmp,0.6285714285714286,608.6,20.94
UGNB,1.2,Trace,ued,cdf_cmp,0.42,604.7,23.08
UGNB,1.2,SmoothSubspace,ued,cdf_cmp,0.5533333333333333,599.93,5.24
UGNB,1.2,BME,ued,cdf_cmp,0.6133333333333333,654.79,244.99
UGNB,1.2,CBF,ued,cdf_cmp,0.6422222222222222,667.13,1198.15
UGNB,1.2,UMD,ued,cdf_cmp,0.6527777777777778,639.92,172.38
UGNB,1.2,SyntheticControl,ued,cdf_cmp,,,
UGNB,1.2,ShapeletSim,ued,cdf_cmp,0.4666666666666667,703.68,696.35
UGNB,1.2,Chinatown,ued,cdf_cmp,0.7259475218658892,606.18,117.15
UGNB,1.2,ECG200,ued,interval_cmp,0.8,623.38,24.6
UGNB,1.2,TwoLeadECG,ued,interval_cmp,0.5355575065847235,640.31,1346.89
UGNB,1.2,ECGFiveDays,ued,interval_cmp,0.6260162601626016,680.3,2009.58
UGNB,1.2,ItalyPowerDemand,ued,interval_cmp,0.7619047619047619,641.65,497.66
UGNB,1.2,SonyAIBORobotSurface2,ued,interval_cmp,0.7334732423924449,629.38,554.26
UGNB,1.2,SonyAIBORobotSurface1,ued,interval_cmp,0.7470881863560732,623.54,381.27
UGNB,1.2,Plane,ued,interval_cmp,0.7142857142857143,609.67,17.22
UGNB,1.2,Trace,ued,interval_cmp,0.68,636.59,42.75
UGNB,1.2,SmoothSubspace,ued,interval_cmp,0.6133333333333333,618.42,13.99
UGNB,1.2,BME,ued,interval_cmp,0.64,639.8,180.54
UGNB,1.2,CBF,ued,interval_cmp,0.7444444444444445,651.52,866.8
UGNB,1.2,UMD,ued,interval_cmp,0.8402777777777778,639.01,152.15
UGNB,1.2,SyntheticControl,ued,interval_cmp,0.6133333333333333,614.09,14.04
UGNB,1.2,ShapeletSim,ued,interval_cmp,0.5111111111111111,664.91,456.5
UGNB,1.2,Chinatown,ued,interval_cmp,0.8862973760932945,604.02,45.49
UGNB,1.4,ECG200,ued,simple_cmp,0.79,636.35,23.57
UGNB,1.4,TwoLeadECG,ued,simple_cmp,0.5109745390693591,654.94,1852.86
UGNB,1.4,ECGFiveDays,ued,simple_cmp,0.6643437862950058,690.18,2278.33
UGNB,1.4,ItalyPowerDemand,ued,simple_cmp,0.7657920310981535,635.96,460.82
UGNB,1.4,SonyAIBORobotSurface2,ued,simple_cmp,0.6810073452256034,631.11,603.03
UGNB,1.4,SonyAIBORobotSurface1,ued,simple_cmp,0.6522462562396006,627.78,493.27
UGNB,1.4,Plane,ued,simple_cmp,0.6857142857142857,620.96,20.22
UGNB,1.4,Trace,ued,simple_cmp,0.48,625.03,28.44
UGNB,1.4,SmoothSubspace,ued,simple_cmp,0.5866666666666667,614.51,14.15
UGNB,1.4,BME,ued,simple_cmp,0.5533333333333333,639.84,221.4
UGNB,1.4,CBF,ued,simple_cmp,0.8088888888888889,660.13,1157.84
UGNB,1.4,UMD,ued,simple_cmp,0.7361111111111112,644.03,192.44
UGNB,1.4,SyntheticControl,ued,simple_cmp,0.5633333333333334,610.94,14.24
UGNB,1.4,ShapeletSim,ued,simple_cmp,0.5111111111111111,674.68,486.97
UGNB,1.4,Chinatown,ued,simple_cmp,0.8250728862973761,605.05,77.72
UGNB,1.4,ECG200,ued,cdf_cmp,0.74,616.15,25.99
UGNB,1.4,TwoLeadECG,ued,cdf_cmp,0.5215100965759438,684.6,2533.76
UGNB,1.4,ECGFiveDays,ued,cdf_cmp,0.521486643437863,683.4,2253.3
UGNB,1.4,ItalyPowerDemand,ued,cdf_cmp,0.7667638483965015,613.02,205.02
UGNB,1.4,SonyAIBORobotSurface2,ued,cdf_cmp,0.6673662119622246,646.06,1220.05
UGNB,1.4,SonyAIBORobotSurface1,ued,cdf_cmp,0.5873544093178037,630.72,811.8
UGNB,1.4,Plane,ued,cdf_cmp,0.4666666666666667,597.34,11.95
UGNB,1.4,Trace,ued,cdf_cmp,0.44,642.94,53.64
UGNB,1.4,SmoothSubspace,ued,cdf_cmp,0.4666666666666667,599.67,4.44
UGNB,1.4,BME,ued,cdf_cmp,0.66,647.19,181.28
UGNB,1.4,CBF,ued,cdf_cmp,0.6811111111111111,651.96,1232.63
UGNB,1.4,UMD,ued,cdf_cmp,0.625,643.55,171.99
UGNB,1.4,SyntheticControl,ued,cdf_cmp,0.3033333333333333,594.64,12.8
UGNB,1.4,ShapeletSim,ued,cdf_cmp,0.5444444444444444,655.85,550.4
UGNB,1.4,Chinatown,ued,cdf_cmp,0.7959183673469388,611.87,157.55
UGNB,1.4,ECG200,ued,interval_cmp,0.79,618.08,25.69
UGNB,1.4,TwoLeadECG,ued,interval_cmp,0.5118525021949079,656.59,1576.65
UGNB,1.4,ECGFiveDays,ued,interval_cmp,0.6631823461091754,680.31,1956.88
UGNB,1.4,ItalyPowerDemand,ued,interval_cmp,0.7541302235179786,628.4,423.8
UGNB,1.4,SonyAIBORobotSurface2,ued,interval_cmp,0.6810073452256034,637.77,643.04
UGNB,1.4,SonyAIBORobotSurface1,ued,interval_cmp,0.6638935108153078,618.51,422.01
UGNB,1.4,Plane,ued,interval_cmp,0.6095238095238096,612.13,19.55
UGNB,1.4,Trace,ued,interval_cmp,0.48,621.09,42.63
UGNB,1.4,SmoothSubspace,ued,interval_cmp,0.58,624.41,23.34
UGNB,1.4,BME,ued,interval_cmp,0.5733333333333334,641.85,263.04
UGNB,1.4,CBF,ued,interval_cmp,0.7955555555555556,644.92,894.01
UGNB,1.4,UMD,ued,interval_cmp,0.6944444444444444,641.67,155.11
UGNB,1.4,SyntheticControl,ued,interval_cmp,0.5733333333333334,619.29,14.46
UGNB,1.4,ShapeletSim,ued,interval_cmp,0.5111111111111111,650.12,434.98
UGNB,1.4,Chinatown,ued,interval_cmp,0.8221574344023324,605.26,56.08
UGNB,1.6,ECG200,ued,simple_cmp,0.75,622.83,23.83
UGNB,1.6,TwoLeadECG,ued,simple_cmp,0.5171202809482002,668.48,1829.18
UGNB,1.6,ECGFiveDays,ued,simple_cmp,0.5981416957026713,702.02,2553.34
UGNB,1.6,ItalyPowerDemand,ued,simple_cmp,0.7298347910592808,635.1,527.57
UGNB,1.6,SonyAIBORobotSurface2,ued,simple_cmp,0.6379853095487933,629.96,750.4
UGNB,1.6,SonyAIBORobotSurface1,ued,simple_cmp,0.5424292845257903,625.48,520.33
UGNB,1.6,Plane,ued,simple_cmp,0.6095238095238096,625.32,20.64
UGNB,1.6,Trace,ued,simple_cmp,0.5,633.05,35.33
UGNB,1.6,SmoothSubspace,ued,simple_cmp,0.5666666666666667,621.28,20.01
UGNB,1.6,BME,ued,simple_cmp,0.48,651.4,243.29
UGNB,1.6,CBF,ued,simple_cmp,0.6366666666666667,662.99,1245.11
UGNB,1.6,UMD,ued,simple_cmp,0.7361111111111112,641.58,158.57
UGNB,1.6,SyntheticControl,ued,simple_cmp,0.48,626.41,25.62
UGNB,1.6,ShapeletSim,ued,simple_cmp,0.5055555555555555,643.24,336.01
UGNB,1.6,Chinatown,ued,simple_cmp,0.749271137026239,604.34,64.37
UGNB,1.6,ECG200,ued,cdf_cmp,0.68,614.7,17.54
UGNB,1.6,TwoLeadECG,ued,cdf_cmp,0.5074626865671642,661.42,2218.25
UGNB,1.6,ECGFiveDays,ued,cdf_cmp,0.5261324041811847,689.37,2317.36
UGNB,1.6,ItalyPowerDemand,ued,cdf_cmp,0.7366375121477162,613.88,197.85
UGNB,1.6,SonyAIBORobotSurface2,ued,cdf_cmp,0.6180482686253935,651.58,1405.38
UGNB,1.6,SonyAIBORobotSurface1,ued,cdf_cmp,0.5690515806988353,625.97,750.63
UGNB,1.6,Plane,ued,cdf_cmp,0.5238095238095238,612.5,17.86
UGNB,1.6,Trace,ued,cdf_cmp,0.36,611.33,40.76
UGNB,1.6,SmoothSubspace,ued,cdf_cmp,0.5266666666666666,597.29,3.66
UGNB,1.6,BME,ued,cdf_cmp,0.5666666666666667,639.95,197.28
UGNB,1.6,CBF,ued,cdf_cmp,0.6211111111111111,675.42,1520.82
UGNB,1.6,UMD,ued,cdf_cmp,0.5694444444444444,626.35,138.02
UGNB,1.6,SyntheticControl,ued,cdf_cmp,,,
UGNB,1.6,ShapeletSim,ued,cdf_cmp,0.4833333333333333,655.86,459.29
UGNB,1.6,Chinatown,ued,cdf_cmp,0.6559766763848397,606.76,105.46
UGNB,1.6,ECG200,ued,interval_cmp,0.79,634.54,33.1
UGNB,1.6,TwoLeadECG,ued,interval_cmp,0.514486391571554,647.51,1712.33
UGNB,1.6,ECGFiveDays,ued,interval_cmp,0.5818815331010453,671.13,2138.58
UGNB,1.6,ItalyPowerDemand,ued,interval_cmp,0.7269193391642371,638.05,486.95
UGNB,1.6,SonyAIBORobotSurface2,ued,interval_cmp,0.6442812172088143,639.07,736.02
UGNB,1.6,SonyAIBORobotSurface1,ued,interval_cmp,0.5490848585690515,620.33,460.84
UGNB,1.6,Plane,ued,interval_cmp,0.6380952380952379,627.03,21.73
UGNB,1.6,Trace,ued,interval_cmp,0.5,636.05,27.27
UGNB,1.6,SmoothSubspace,ued,interval_cmp,0.5733333333333334,614.64,14.91
UGNB,1.6,BME,ued,interval_cmp,0.52,651.4,221.4
UGNB,1.6,CBF,ued,interval_cmp,0.63,655.35,941.19
UGNB,1.6,UMD,ued,interval_cmp,0.7291666666666666,644.19,156.82
UGNB,1.6,SyntheticControl,ued,interval_cmp,0.4666666666666667,610.39,14.54
UGNB,1.6,ShapeletSim,ued,interval_cmp,0.4888888888888889,646.9,404.82
UGNB,1.6,Chinatown,ued,interval_cmp,0.749271137026239,604.07,47.79
UGNB,1.8,ECG200,ued,simple_cmp,0.77,641.58,43.37
UGNB,1.8,TwoLeadECG,ued,simple_cmp,0.5162423178226514,667.41,1728.2
UGNB,1.8,ECGFiveDays,ued,simple_cmp,0.6213704994192799,695.33,2291.83
UGNB,1.8,ItalyPowerDemand,ued,simple_cmp,0.7133138969873664,640.41,538.39
UGNB,1.8,SonyAIBORobotSurface2,ued,simple_cmp,0.6432318992654774,642.9,785.71
UGNB,1.8,SonyAIBORobotSurface1,ued,simple_cmp,0.4825291181364393,631.44,520.86
UGNB,1.8,Plane,ued,simple_cmp,0.5142857142857142,616.61,16.03
UGNB,1.8,Trace,ued,simple_cmp,0.47,630.6,29.4
UGNB,1.8,SmoothSubspace,ued,simple_cmp,0.5266666666666666,621.68,22.46
UGNB,1.8,BME,ued,simple_cmp,0.4733333333333333,646.99,232.65
UGNB,1.8,CBF,ued,simple_cmp,0.67,681.98,1235.02
UGNB,1.8,UMD,ued,simple_cmp,0.6944444444444444,639.18,170.08
UGNB,1.8,SyntheticControl,ued,simple_cmp,0.47,610.65,11.03
UGNB,1.8,ShapeletSim,ued,simple_cmp,0.4944444444444445,632.99,318.22
UGNB,1.8,Chinatown,ued,simple_cmp,0.7317784256559767,605.19,50.43
UGNB,1.8,ECG200,ued,cdf_cmp,0.77,616.97,15.35
UGNB,1.8,TwoLeadECG,ued,cdf_cmp,0.5083406496927129,676.95,2565.72
UGNB,1.8,ECGFiveDays,ued,cdf_cmp,0.5133565621370499,684.73,2272.42
UGNB,1.8,ItalyPowerDemand,ued,cdf_cmp,0.7026239067055393,613.41,225.54
UGNB,1.8,SonyAIBORobotSurface2,ued,cdf_cmp,0.6306400839454355,650.42,1300.6
UGNB,1.8,SonyAIBORobotSurface1,ued,cdf_cmp,0.5806988352745425,627.87,819.42
UGNB,1.8,Plane,ued,cdf_cmp,0.4666666666666667,635.72,32.88
UGNB,1.8,Trace,ued,cdf_cmp,0.36,618.84,30.63
UGNB,1.8,SmoothSubspace,ued,cdf_cmp,0.5466666666666666,601.01,4.87
UGNB,1.8,BME,ued,cdf_cmp,0.44,647.53,191.11
UGNB,1.8,CBF,ued,cdf_cmp,0.5511111111111111,667.83,1283.83
UGNB,1.8,UMD,ued,cdf_cmp,0.5347222222222222,633.63,131.14
UGNB,1.8,SyntheticControl,ued,cdf_cmp,0.2733333333333333,579.92,9.11
UGNB,1.8,ShapeletSim,ued,cdf_cmp,0.5055555555555555,639.52,304.02
UGNB,1.8,Chinatown,ued,cdf_cmp,0.7055393586005831,608.76,154.58
UGNB,1.8,ECG200,ued,interval_cmp,0.78,638.53,26.1
UGNB,1.8,TwoLeadECG,ued,interval_cmp,0.5153643546971027,653.37,1638.72
UGNB,1.8,ECGFiveDays,ued,interval_cmp,0.6202090592334495,684.57,2123.65
UGNB,1.8,ItalyPowerDemand,ued,interval_cmp,0.7220602526724975,632.11,481.81
UGNB,1.8,SonyAIBORobotSurface2,ued,interval_cmp,0.6432318992654774,634.98,681.52
UGNB,1.8,SonyAIBORobotSurface1,ued,interval_cmp,0.4775374376039934,627.66,451.01
UGNB,1.8,Plane,ued,interval_cmp,0.5523809523809524,622.67,20.73
UGNB,1.8,Trace,ued,interval_cmp,0.47,615.98,45.95
UGNB,1.8,SmoothSubspace,ued,interval_cmp,0.5533333333333333,618.51,23.57
UGNB,1.8,BME,ued,interval_cmp,0.4533333333333333,662.38,198.91
UGNB,1.8,CBF,ued,interval_cmp,0.6866666666666666,649.67,914.37
UGNB,1.8,UMD,ued,interval_cmp,0.6875,642.03,146.11
UGNB,1.8,SyntheticControl,ued,interval_cmp,0.4966666666666666,616.59,16.63
UGNB,1.8,ShapeletSim,ued,interval_cmp,0.5222222222222223,644.57,418.0
UGNB,1.8,Chinatown,ued,interval_cmp,0.7317784256559767,604.03,47.6
UGNB,2.0,ECG200,ued,simple_cmp,0.74,639.61,46.94
UGNB,2.0,TwoLeadECG,ued,simple_cmp,0.5487269534679543,652.25,1643.27
UGNB,2.0,ECGFiveDays,ued,simple_cmp,0.6085946573751452,710.32,2466.69
UGNB,2.0,ItalyPowerDemand,ued,simple_cmp,0.6977648202137998,633.46,540.11
UGNB,2.0,SonyAIBORobotSurface2,ued,simple_cmp,0.621196222455404,633.46,824.4
UGNB,2.0,SonyAIBORobotSurface1,ued,simple_cmp,0.502495840266223,622.64,482.17
UGNB,2.0,Plane,ued,simple_cmp,0.4380952380952381,629.26,37.38
UGNB,2.0,Trace,ued,simple_cmp,0.43,626.71,29.96
UGNB,2.0,SmoothSubspace,ued,simple_cmp,0.5066666666666667,618.78,24.52
UGNB,2.0,BME,ued,simple_cmp,0.4533333333333333,637.61,206.54
UGNB,2.0,CBF,ued,simple_cmp,0.62,671.45,1387.48
UGNB,2.0,UMD,ued,simple_cmp,0.6736111111111112,643.24,199.19
UGNB,2.0,SyntheticControl,ued,simple_cmp,0.44,616.54,22.77
UGNB,2.0,ShapeletSim,ued,simple_cmp,0.4833333333333333,633.79,311.02
UGNB,2.0,Chinatown,ued,simple_cmp,0.7434402332361516,606.44,64.05
UGNB,2.0,ECG200,ued,cdf_cmp,0.65,620.45,27.45
UGNB,2.0,TwoLeadECG,ued,cdf_cmp,0.48551360842844604,663.59,2510.54
UGNB,2.0,ECGFiveDays,ued,cdf_cmp,0.5319396051103368,687.86,2476.54
UGNB,2.0,ItalyPowerDemand,ued,cdf_cmp,0.6103012633624878,623.6,219.48
UGNB,2.0,SonyAIBORobotSurface2,ued,cdf_cmp,0.6180482686253935,657.99,1564.83
UGNB,2.0,SonyAIBORobotSurface1,ued,cdf_cmp,0.4825291181364393,634.57,871.42
UGNB,2.0,Plane,ued,cdf_cmp,0.20952380952380956,641.27,61.18
UGNB,2.0,Trace,ued,cdf_cmp,0.3,621.42,34.34
UGNB,2.0,SmoothSubspace,ued,cdf_cmp,0.4666666666666667,600.29,6.83
UGNB,2.0,BME,ued,cdf_cmp,0.37333333333333335,636.34,201.72
UGNB,2.0,CBF,ued,cdf_cmp,0.5333333333333333,658.84,1169.7
UGNB,2.0,UMD,ued,cdf_cmp,0.5486111111111112,650.65,207.48
UGNB,2.0,SyntheticControl,ued,cdf_cmp,,,
UGNB,2.0,ShapeletSim,ued,cdf_cmp,0.5166666666666667,646.29,482.75
UGNB,2.0,Chinatown,ued,cdf_cmp,0.6938775510204082,612.19,172.51
UGNB,2.0,ECG200,ued,interval_cmp,0.74,649.99,37.03
UGNB,2.0,TwoLeadECG,ued,interval_cmp,0.5460930640913082,650.23,1481.48
UGNB,2.0,ECGFiveDays,ued,interval_cmp,0.6155632984901278,681.77,2051.51
UGNB,2.0,ItalyPowerDemand,ued,interval_cmp,0.685131195335277,634.62,493.01
UGNB,2.0,SonyAIBORobotSurface2,ued,interval_cmp,0.621196222455404,639.42,806.95
UGNB,2.0,SonyAIBORobotSurface1,ued,interval_cmp,0.5008319467554077,620.02,394.22
UGNB,2.0,Plane,ued,interval_cmp,0.4380952380952381,624.79,46.35
UGNB,2.0,Trace,ued,interval_cmp,0.43,614.74,25.09
UGNB,2.0,SmoothSubspace,ued,interval_cmp,0.5066666666666667,618.74,16.23
UGNB,2.0,BME,ued,interval_cmp,0.42,627.71,142.65
UGNB,2.0,CBF,ued,interval_cmp,0.6411111111111111,656.98,1072.72
UGNB,2.0,UMD,ued,interval_cmp,0.6597222222222222,633.62,113.51
UGNB,2.0,SyntheticControl,ued,interval_cmp,0.44,608.49,12.64
UGNB,2.0,ShapeletSim,ued,interval_cmp,0.4722222222222222,648.78,365.82
UGNB,2.0,Chinatown,ued,interval_cmp,0.7405247813411079,603.72,40.71
